#FILE	SEQUENCE	START	END	STRAND	GENE	COVERAGE	COVERAGE_MAP	GAPS	%COVERAGE	%IDENTITY	DATABASE	ACCESSION	Assembly_name	Gene_observation_ID
/home/projects/cge/backup/fastq/cge_private/FOOD_seqdata/NextSeq/NextSeq_024-2ndTry/Assemblies/DTU2018-649-PRJ1139-Escherichia-coli-1D-022_R1_001.fa	NODE_17_length_97128_cov_13.196245	82674	83534	+	blaSHV-1_1_AF148850	1-861/861	===============	0/0	100.00	99.88	user_db	blaSHV-1_1_AF148850	ODID_ERR4013401	i117
/home/projects/cge/backup/fastq/cge_private/FOOD_seqdata/NextSeq/NextSeq_029_2ndtry/with_keep/Assemblies/DTU2018-915-PRJ1139-Klebsiella-pneumoniae-1D-183_R1_001.fa	NODE_3_length_478333_cov_11.364795	197442	198302	+	blaSHV-26_1_AF227204	1-861/861	===============	0/0	100.00	100.00	user_db	blaSHV-26_1_AF227204	ODID_ERR4013561	i425
/home/projects/cge/backup/fastq/cge_private/FOOD_seqdata/NextSeq/NextSeq_029_2ndtry/with_keep/Assemblies/DTU2018-916-PRJ1139-Klebsiella-pneumoniae-1D-184_R1_001.fa	NODE_1_length_828216_cov_4.161765	68252	69118	-	blaSHV-187_1_LN515533	1-867/867	===============	0/0	100.00	99.65	user_db	blaSHV-187_1_LN515533	ODID_ERR4013562	i429
/home/projects/cge/backup/fastq/cge_private/FOOD_seqdata/NextSeq/NextSeq_029_2ndtry/with_keep/Assemblies/DTU2018-917-PRJ1139-Klebsiella-pneumoniae-1D-185_R1_001.fa	NODE_9_length_248071_cov_9.646767	178949	179815	+	blaSHV-187_1_LN515533	1-867/867	===============	0/0	100.00	99.65	user_db	blaSHV-187_1_LN515533	ODID_ERR4013563	i436
/home/projects/cge/backup/fastq/cge_private/FOOD_seqdata/NextSeq/NextSeq_029_2ndtry/with_keep/Assemblies/DTU2018-918-PRJ1139-Klebsiella-pneumoniae-1D-186_R1_001.fa	NODE_1_length_593621_cov_13.802653	366185	367051	+	blaSHV-187_1_LN515533	1-867/867	===============	0/0	100.00	99.42	user_db	blaSHV-187_1_LN515533	ODID_ERR4013564	i437
/home/projects/cge/backup/fastq/cge_private/FOOD_seqdata/NextSeq/NextSeq_029_2ndtry/with_keep/Assemblies/DTU2018-919-PRJ1139-Klebsiella-pneumoniae-1D-187_R1_001.fa	NODE_1_length_1672206_cov_18.476428	419568	420434	-	blaSHV-187_1_LN515533	1-867/867	===============	0/0	100.00	99.54	user_db	blaSHV-187_1_LN515533	ODID_ERR4013565	i441
/home/projects/cge/backup/fastq/cge_private/FOOD_seqdata/NextSeq/NextSeq_029_2ndtry/with_keep/Assemblies/DTU2018-920-PRJ1139-Klebsiella-pneumoniae-1D-188_R1_001.fa	NODE_7_length_254197_cov_3.252549	225264	226124	+	blaSHV-81_1_AM176556	1-861/861	===============	0/0	100.00	99.77	user_db	blaSHV-81_1_AM176556	ODID_ERR4013566	i447
/home/projects/cge/backup/fastq/cge_private/FOOD_seqdata/NextSeq/NextSeq_029_2ndtry/with_keep/Assemblies/DTU2018-921-PRJ1139-Klebsiella-pneumoniae-1D-189_R1_001.fa	NODE_1_length_816635_cov_13.156661	604444	605304	-	blaSHV-33_1_AY037779	1-861/861	===============	0/0	100.00	100.00	user_db	blaSHV-33_1_AY037779	ODID_ERR4013567	i451
/home/projects/cge/backup/fastq/cge_private/FOOD_seqdata/NextSeq/NextSeq_029_2ndtry/with_keep/Assemblies/DTU2018-922-PRJ1139-Klebsiella-pneumoniae-1D-190_R1_001.fa	NODE_4_length_384962_cov_19.276612	176740	177606	+	blaSHV-187_1_LN515533	1-867/867	===============	0/0	100.00	100.00	user_db	blaSHV-187_1_LN515533	ODID_ERR4013568	i465
/home/projects/cge/backup/fastq/cge_private/FOOD_seqdata/NextSeq/NextSeq_035/Assemblies/DTU2018-1323-PRJ1139-Klebsiella-pneumoniae-1D-191-rerun_R1_001.fa	NODE_2_length_669309_cov_4.564226	471090	471956	-	blaSHV-187_1_LN515533	1-867/867	===============	0/0	100.00	99.54	user_db	blaSHV-187_1_LN515533	ODID_ERR4013569	i467
/home/projects/cge/backup/fastq/cge_private/FOOD_seqdata/NextSeq/NextSeq_029_2ndtry/with_keep/Assemblies/DTU2018-924-PRJ1139-Klebsiella-pneumoniae-1D-192_R1_001.fa	NODE_5_length_432803_cov_7.597399	219200	220060	-	blaSHV-70_1_DQ013287	1-861/861	===============	0/0	100.00	99.88	user_db	blaSHV-70_1_DQ013287	ODID_ERR4013570	i476
/home/projects/cge/backup/fastq/cge_private/FOOD_seqdata/NextSeq/NextSeq_029_2ndtry/with_keep/Assemblies/DTU2018-925-PRJ1139-Klebsiella-pneumoniae-1D-193_R1_001.fa	NODE_10_length_165980_cov_8.886074	60349	61209	-	blaSHV-179_1_KF705208	1-861/861	===============	0/0	100.00	99.88	user_db	blaSHV-179_1_KF705208	ODID_ERR4013571	i477
/home/projects/cge/backup/fastq/cge_private/FOOD_seqdata/NextSeq/NextSeq_029_2ndtry/with_keep/Assemblies/DTU2018-927-PRJ1139-Klebsiella-pneumoniae-1D-195_R1_001.fa	NODE_5_length_418577_cov_8.905453	179823	180689	+	blaSHV-187_1_LN515533	1-867/867	===============	0/0	100.00	99.42	user_db	blaSHV-187_1_LN515533	ODID_ERR4013573	i487
/home/projects/cge/backup/fastq/cge_private/FOOD_seqdata/NextSeq/NextSeq_029_2ndtry/with_keep/Assemblies/DTU2018-929-PRJ1139-Klebsiella-pneumoniae-1D-197_R1_001.fa	NODE_1_length_715760_cov_7.337212	686997	687857	+	blaSHV-179_1_KF705208	1-861/861	===============	0/0	100.00	99.88	user_db	blaSHV-179_1_KF705208	ODID_ERR4013574	i489
/home/projects/cge/backup/fastq/cge_private/FOOD_seqdata/NextSeq/NextSeq_029_2ndtry/with_keep/Assemblies/DTU2018-930-PRJ1139-Klebsiella-pneumoniae-1D-198_R1_001.fa	NODE_1_length_882059_cov_8.626077	497750	498610	-	blaSHV-81_1_AM176556	1-861/861	===============	0/0	100.00	99.77	user_db	blaSHV-81_1_AM176556	ODID_ERR4013575	i493
/home/projects/cge/backup/fastq/cge_private/FOOD_seqdata/NextSeq/NextSeq_029_2ndtry/with_keep/Assemblies/DTU2018-931-PRJ1139-Klebsiella-pneumoniae-1D-199_R1_001.fa	NODE_7_length_332251_cov_10.658733	215446	216306	-	blaSHV-179_1_KF705208	1-861/861	===============	0/0	100.00	99.88	user_db	blaSHV-179_1_KF705208	ODID_ERR4013576	i500
/home/projects/cge/backup/fastq/cge_private/FOOD_seqdata/NextSeq/NextSeq_029_2ndtry/with_keep/Assemblies/DTU2018-932-PRJ1139-Klebsiella-pneumoniae-1D-200_R1_001.fa	NODE_7_length_302179_cov_6.155827	184756	185616	-	blaSHV-81_1_AM176556	1-861/861	===============	0/0	100.00	99.77	user_db	blaSHV-81_1_AM176556	ODID_ERR4013577	i511
/home/projects/cge/backup/fastq/cge_private/FOOD_seqdata/NextSeq/NextSeq_029_2ndtry/with_keep/Assemblies/DTU2018-933-PRJ1139-Klebsiella-pneumoniae-1D-201_R1_001.fa	NODE_1_length_1164025_cov_6.017070	546822	547682	-	blaSHV-60_1_AB302939	1-861/861	===============	0/0	100.00	100.00	user_db	blaSHV-60_1_AB302939	ODID_ERR4013578	i515
/home/projects/cge/backup/fastq/cge_private/FOOD_seqdata/NextSeq/NextSeq_035/Assemblies/DTU2018-936-PRJ1139-Klebsiella-pneumoniae-1D-204_R1_001.fa	NODE_3_length_454068_cov_6.912918	226907	227773	-	blaSHV-187_1_LN515533	1-867/867	===============	0/0	100.00	99.77	user_db	blaSHV-187_1_LN515533	ODID_ERR4013580	i518
/home/projects/cge/backup/fastq/cge_private/FOOD_seqdata/NextSeq/NextSeq_035/Assemblies/DTU2018-937-PRJ1139-Klebsiella-pneumoniae-1D-205_R1_001.fa	NODE_14_length_195531_cov_10.992794	128617	129477	+	blaSHV-179_1_KF705208	1-861/861	===============	0/0	100.00	99.88	user_db	blaSHV-179_1_KF705208	ODID_ERR4013581	i521
/home/projects/cge/backup/fastq/cge_private/FOOD_seqdata/NextSeq/NextSeq_035/Assemblies/DTU2018-938-PRJ1139-Klebsiella-pneumoniae-1D-206_R1_001.fa	NODE_3_length_607980_cov_5.837306	471090	471956	-	blaSHV-187_1_LN515533	1-867/867	===============	0/0	100.00	99.54	user_db	blaSHV-187_1_LN515533	ODID_ERR4013582	i528
/home/projects/cge/backup/fastq/cge_private/FOOD_seqdata/NextSeq/NextSeq_067/Assemblies/DTU2019-38-PRJ1139-Klebsiella-pneumoniae-1D-539_R1_001.fa	NODE_24_length_78028_cov_1.907216	20940	21806	-	blaSHV-187_1_LN515533	1-867/867	===============	0/0	100.00	99.54	user_db	blaSHV-187_1_LN515533	ODID_ERR4013907	i1138
/home/projects/cge/backup/fastq/cge_private/FOOD_seqdata/NextSeq/NextSeq_067/Assemblies/DTU2019-39-PRJ1139-Klebsiella-pneumoniae-1D-540_R1_001.fa	NODE_194_length_7716_cov_0.980762	5549	6415	-	blaSHV-187_1_LN515533	1-867/867	===============	0/0	100.00	99.54	user_db	blaSHV-187_1_LN515533	ODID_ERR4013908	i1146
/home/projects/cge/backup/fastq/cge_private/FOOD_seqdata/NextSeq/NextSeq_067/Assemblies/DTU2019-40-PRJ1139-Klebsiella-pneumoniae-1D-545_R1_001.fa	NODE_94_length_16542_cov_0.991532	13068	13934	-	blaSHV-187_1_LN515533	1-867/867	===============	0/0	100.00	99.65	user_db	blaSHV-187_1_LN515533	ODID_ERR4013913	i1166
/home/projects/cge/backup/fastq/cge_private/FOOD_seqdata/NextSeq/NextSeq_101/Assemblies/DTU2019-639-PRJ1139-Klebsiella-pneumoniae-1D-546_R1_001.fa	NODE_3_length_727381_cov_9.163032	68257	69123	-	blaSHV-187_1_LN515533	1-867/867	===============	0/0	100.00	99.65	user_db	blaSHV-187_1_LN515533	ODID_ERR4013914	i1167
/home/projects/cge/backup/fastq/cge_private/FOOD_seqdata/NextSeq/NextSeq_067/Assemblies/DTU2019-45-PRJ1139-Klebsiella-pneumoniae-1D-550_R1_001.fa	NODE_12_length_232242_cov_4.408578	27951	28817	-	blaSHV-187_1_LN515533	1-867/867	===============	0/0	100.00	99.89	user_db	blaSHV-187_1_LN515533	ODID_ERR4013918	i1173
/home/projects/cge/backup/fastq/cge_private/FOOD_seqdata/NextSeq/NextSeq_067/Assemblies/DTU2019-61-PRJ1139-Escherichia-coli-1D-566_R1_001.fa	NODE_35_length_25027_cov_13.968996	13595	14455	-	blaSHV-1_1_AF148850	1-861/861	===============	0/0	100.00	99.88	user_db	blaSHV-1_1_AF148850	ODID_ERR4013932	i1210
/home/projects/cge/backup/fastq/cge_private/FOOD_seqdata/NextSeq/NextSeq_067/Assemblies/DTU2019-69-PRJ1139-Escherichia-coli-1D-575_R1_001.fa	NODE_55_length_12211_cov_2.777061	10548	11408	+	blaSHV-1_1_AF148850	1-861/861	===============	0/0	100.00	99.88	user_db	blaSHV-1_1_AF148850	ODID_ERR4013940	i1236
/home/projects/cge/backup/fastq/cge_private/FOOD_seqdata/NextSeq/NextSeq_067/Assemblies/DTU2019-75-PRJ1139-Klebsiella-pneumoniae-1D-583_R1_001.fa	NODE_11_length_207525_cov_3.473838	27956	28822	-	blaSHV-187_1_LN515533	1-867/867	===============	0/0	100.00	99.31	user_db	blaSHV-187_1_LN515533	ODID_ERR4013948	i1248
/home/projects/cge/backup/fastq/cge_private/FOOD_seqdata/NextSeq/NextSeq_067/Assemblies/DTU2019-89-PRJ1139-Klebsiella-pneumoniae-1D-604_R1_001.fa	NODE_32_length_52713_cov_2.584756	12724	13590	-	blaSHV-187_1_LN515533	1-867/867	===============	0/0	100.00	99.19	user_db	blaSHV-187_1_LN515533	ODID_ERR4013967	i1303
/home/projects/cge/backup/fastq/cge_private/FOOD_seqdata/NextSeq/NextSeq_087/Assemblies/DTU2019-355-PRJ1139-Klebsiella-pneumoniae-1D-615_R1_001.fa	NODE_6_length_418577_cov_11.002784	237889	238755	-	blaSHV-187_1_LN515533	1-867/867	===============	0/0	100.00	99.42	user_db	blaSHV-187_1_LN515533	ODID_ERR4013978	i1334
/home/projects/cge/backup/fastq/cge_private/FOOD_seqdata/NextSeq/NextSeq_101/Assemblies/DTU2019-646-PRJ1139-Klebsiella-pneumoniae-1D-651_R1_001.fa	NODE_22_length_84707_cov_1.642587	29144	30010	-	blaSHV-187_1_LN515533	1-867/867	===============	0/0	100.00	99.54	user_db	blaSHV-187_1_LN515533	ODID_ERR4014012	i1379
/home/projects/cge/backup/fastq/cge_private/FOOD_seqdata/NextSeq/NextSeq_101/Assemblies/DTU2019-647-PRJ1139-Klebsiella-pneumoniae-1D-652_R1_001.fa	NODE_15_length_123517_cov_2.345741	115219	116079	+	blaSHV-108_1_AM922309	1-861/861	===============	0/0	100.00	99.88	user_db	blaSHV-108_1_AM922309	ODID_ERR4014013	i1382
/home/projects/cge/backup/fastq/cge_private/FOOD_seqdata/NextSeq/NextSeq_101/Assemblies/DTU2019-652-PRJ1139-Klebsiella-pneumoniae-1D-657_R1_001.fa	NODE_2_length_385024_cov_2.730250	148839	149705	+	blaSHV-187_1_LN515533	1-867/867	===============	0/0	100.00	99.31	user_db	blaSHV-187_1_LN515533	ODID_ERR4014018	i1397
/home/projects/cge/backup/fastq/cge_private/FOOD_seqdata/NextSeq/NextSeq_101/Assemblies/DTU2019-657-PRJ1139-Klebsiella-pneumoniae-1D-662_R1_001.fa	NODE_3_length_552759_cov_3.932441	356918	357784	-	blaSHV-187_1_LN515533	1-867/867	===============	0/0	100.00	99.42	user_db	blaSHV-187_1_LN515533	ODID_ERR4014023	i1428
/home/projects/cge/backup/fastq/cge_private/FOOD_seqdata/NextSeq/NextSeq_101/Assemblies/DTU2019-682-PRJ1139-Klebsiella-pneumoniae-1D-687_R1_001.fa	NODE_41_length_49879_cov_2.183751	7131	7991	-	blaSHV-179_1_KF705208	1-861/861	===============	0/0	100.00	99.88	user_db	blaSHV-179_1_KF705208	ODID_ERR4014047	i1478
/home/projects/cge/backup/fastq/cge_private/FOOD_seqdata/NextSeq/NextSeq_118/Assemblies/DTU2019-2238-PRJ1139-Klebsiella-pneumoniae-1D-693_R1_001.fa	NODE_26_length_54512_cov_1.176170	46376	47242	+	blaSHV-187_1_LN515533	1-867/867	===============	0/0	100.00	99.54	user_db	blaSHV-187_1_LN515533	ODID_ERR4014053	i1484
/home/projects/cge/backup/fastq/cge_private/FOOD_seqdata/NextSeq/NextSeq_108/Assemblies/DTU2019-1997-PRJ1139-Klebsiella-pneumoniae-1D-696_R1_001.fa	NODE_1_length_1515359_cov_6.443929	1487866	1488732	+	blaSHV-187_1_LN515533	1-867/867	===============	0/0	100.00	99.31	user_db	blaSHV-187_1_LN515533	ODID_ERR4014056	i1491
/home/projects/cge/backup/fastq/cge_private/FOOD_seqdata/NextSeq/NextSeq_108/Assemblies/DTU2019-1998-PRJ1139-Klebsiella-pneumoniae-1D-697_R1_001.fa	NODE_1_length_1151465_cov_9.540297	852180	853040	-	blaSHV-81_1_AM176556	1-861/861	===============	0/0	100.00	99.77	user_db	blaSHV-81_1_AM176556	ODID_ERR4014057	i1500
/home/projects/cge/backup/fastq/cge_private/FOOD_seqdata/NextSeq/NextSeq_115/Assemblies/DTU2019-2101-PRJ1139-Klebsiella-pneumoniae-1D-715_R1_001.fa	NODE_1_length_739933_cov_4.221963	288853	289713	-	blaSHV-33_1_AY037779	1-861/861	===============	0/0	100.00	100.00	user_db	blaSHV-33_1_AY037779	ODID_ERR4014072	i1553
/home/projects/cge/backup/fastq/cge_private/FOOD_seqdata/NextSeq/NextSeq_102/Assemblies/DTU2019-729-PRJ1139-Klebsiella-pneumoniae-1D-737_R1_001.fa	NODE_32_length_53557_cov_5.857926	8608	9474	-	blaSHV-187_1_LN515533	1-867/867	===============	0/0	100.00	99.54	user_db	blaSHV-187_1_LN515533	ODID_ERR4014094	i1602
/home/projects/cge/backup/fastq/cge_private/FOOD_seqdata/NextSeq/NextSeq_102/Assemblies/DTU2019-735-PRJ1139-Klebsiella-pneumoniae-1D-743_R1_001.fa	NODE_1_length_884119_cov_10.610793	506803	507669	-	blaSHV-187_1_LN515533	1-867/867	===============	0/0	100.00	99.65	user_db	blaSHV-187_1_LN515533	ODID_ERR4014100	i1619
/home/projects/cge/backup/fastq/cge_private/FOOD_seqdata/NextSeq/NextSeq_102/Assemblies/DTU2019-739-PRJ1139-Klebsiella-pneumoniae-1D-747_R1_001.fa	NODE_1_length_577991_cov_8.997273	207344	208204	-	blaSHV-101_1_EU155018	1-861/861	===============	0/0	100.00	99.88	user_db	blaSHV-101_1_EU155018	ODID_ERR4014104	i1625
/home/projects/cge/backup/fastq/cge_private/FOOD_seqdata/NextSeq/NextSeq_102/Assemblies/DTU2019-745-PRJ1139-Klebsiella-pneumoniae-1D-753_R1_001.fa	NODE_29_length_56111_cov_4.808070	4801	5661	-	blaSHV-173_1_KF513178	1-861/861	===============	0/0	100.00	99.88	user_db	blaSHV-173_1_KF513178	ODID_ERR4014110	i1649
/home/projects/cge/backup/fastq/cge_private/FOOD_seqdata/NextSeq/NextSeq_102/Assemblies/DTU2019-791-PRJ1139-Klebsiella-pneumoniae-1D-799_R1_001.fa	NODE_1_length_858322_cov_7.851164	27977	28843	-	blaSHV-187_1_LN515533	1-867/867	===============	0/0	100.00	99.54	user_db	blaSHV-187_1_LN515533	ODID_ERR4014156	i1715
/home/projects/cge/backup/fastq/cge_private/FOOD_seqdata/NextSeq/NextSeq_102/Assemblies/DTU2019-800-PRJ1139-Klebsiella-pneumoniae-1D-808_R1_001.fa	NODE_6_length_322962_cov_7.698564	114240	115100	+	blaSHV-101_1_EU155018	1-861/861	===============	0/0	100.00	99.88	user_db	blaSHV-101_1_EU155018	ODID_ERR4014165	i1735
/home/projects/cge/backup/fastq/cge_private/FOOD_seqdata/NextSeq/NextSeq_103/Assemblies/DTU2019-862-PRJ1139-Escherichia-coli-1D-870_R1_001.fa	NODE_36_length_19453_cov_7.650471	4999	5859	+	blaSHV-1_1_AF148850	1-861/861	===============	0/0	100.00	99.88	user_db	blaSHV-1_1_AF148850	ODID_ERR4014227	i1875
/home/projects/cge/backup/fastq/cge_private/FOOD_seqdata/NextSeq/NextSeq_103/Assemblies/DTU2019-865-PRJ1139-Klebsiella-pneumoniae-1D-873_R1_001.fa	NODE_1_length_1723762_cov_10.717414	1251807	1252673	+	blaSHV-187_1_LN515533	1-867/867	===============	0/0	100.00	99.54	user_db	blaSHV-187_1_LN515533	ODID_ERR4014230	i1881
/home/projects/cge/backup/fastq/cge_private/FOOD_seqdata/NextSeq/NextSeq_103/Assemblies/DTU2019-871-PRJ1139-Klebsiella-pneumoniae-1D-879_R1_001.fa	NODE_2_length_370378_cov_4.222995	303536	304402	+	blaSHV-187_1_LN515533	1-867/867	===============	0/0	100.00	99.65	user_db	blaSHV-187_1_LN515533	ODID_ERR4014236	i1900
/home/projects/cge/backup/fastq/cge_private/FOOD_seqdata/NextSeq/NextSeq_103/Assemblies/DTU2019-890-PRJ1139-Klebsiella-pneumoniae-1D-898_R1_001.fa	NODE_2_length_298727_cov_3.970492	256055	256915	-	blaSHV-179_1_KF705208	1-861/861	===============	0/0	100.00	99.88	user_db	blaSHV-179_1_KF705208	ODID_ERR4014255	i1948
/home/projects/cge/backup/fastq/cge_private/FOOD_seqdata/NextSeq/NextSeq_103/Assemblies/DTU2019-899-PRJ1139-Klebsiella-pneumoniae-1D-907_R1_001.fa	NODE_6_length_267401_cov_7.730775	114109	114969	+	blaSHV-172_1_KF513177	1-861/861	===============	0/0	100.00	99.88	user_db	blaSHV-172_1_KF513177	ODID_ERR4014264	i1981
/home/projects/cge/backup/fastq/cge_private/FOOD_seqdata/NextSeq/NextSeq_103/Assemblies/DTU2019-920-PRJ1139-Klebsiella-pneumoniae-1D-928_R1_001.fa	NODE_2_length_523748_cov_11.818147	456879	457745	+	blaSHV-187_1_LN515533	1-867/867	===============	0/0	100.00	99.89	user_db	blaSHV-187_1_LN515533	ODID_ERR4014285	i2041
/home/projects/cge/backup/fastq/cge_private/FOOD_seqdata/NextSeq/NextSeq_104/Assemblies/DTU2019-921-PRJ1139-Klebsiella-pneumoniae-1D-929_R1_001.fa	NODE_12_length_212938_cov_6.593964	19600	20460	-	blaSHV-178_1_KF705209	1-861/861	===============	0/0	100.00	99.65	user_db	blaSHV-178_1_KF705209	ODID_ERR4014286	i2045
/home/projects/cge/backup/fastq/cge_private/FOOD_seqdata/NextSeq/NextSeq_104/Assemblies/DTU2019-928-PRJ1139-Klebsiella-pneumoniae-1D-936_R1_001.fa	NODE_8_length_266183_cov_9.838993	224681	225541	+	blaSHV-81_1_AM176556	1-861/861	===============	0/0	100.00	99.77	user_db	blaSHV-81_1_AM176556	ODID_ERR4014292	i2063
/home/projects/cge/backup/fastq/cge_private/FOOD_seqdata/NextSeq/NextSeq_104/Assemblies/DTU2019-931-PRJ1139-Klebsiella-pneumoniae-1D-939_R1_001.fa	NODE_5_length_342641_cov_13.279784	121216	122076	+	blaSHV-41_1_AF535129	1-861/861	===============	0/0	100.00	100.00	user_db	blaSHV-41_1_AF535129	ODID_ERR4014295	i2069
/home/projects/cge/backup/fastq/cge_private/FOOD_seqdata/NextSeq/NextSeq_104/Assemblies/DTU2019-935-PRJ1139-Klebsiella-pneumoniae-1D-943_R1_001.fa	NODE_2_length_471855_cov_9.648683	287241	288101	-	blaSHV-33_1_AY037779	1-861/861	===============	0/0	100.00	100.00	user_db	blaSHV-33_1_AY037779	ODID_ERR4014299	i2075
/home/projects/cge/backup/fastq/cge_private/FOOD_seqdata/NextSeq/NextSeq_104/Assemblies/DTU2019-938-PRJ1139-Klebsiella-pneumoniae-1D-946_R1_001.fa	NODE_4_length_430426_cov_6.885094	113398	114258	+	blaSHV-32_1_AY037778	1-861/861	===============	0/0	100.00	100.00	user_db	blaSHV-32_1_AY037778	ODID_ERR4014302	i2086
/home/projects/cge/backup/fastq/cge_private/FOOD_seqdata/NextSeq/NextSeq_115/Assemblies/DTU2019-2107-PRJ1139-Klebsiella-pneumoniae-1D-947_R1_001.fa	NODE_24_length_76448_cov_1.600464	47606	48472	+	blaSHV-187_1_LN515533	1-867/867	===============	0/0	100.00	99.54	user_db	blaSHV-187_1_LN515533	ODID_ERR4014303	i2094
/home/projects/cge/backup/fastq/cge_private/FOOD_seqdata/NextSeq/NextSeq_104/Assemblies/DTU2019-958-PRJ1139-Klebsiella-pneumoniae-1D-966_R1_001.fa	NODE_12_length_193493_cov_6.197403	79929	80795	-	blaSHV-187_1_LN515533	1-867/867	===============	0/0	100.00	100.00	user_db	blaSHV-187_1_LN515533	ODID_ERR4014322	i2137
/home/projects/cge/backup/fastq/cge_private/FOOD_seqdata/NextSeq/NextSeq_104/Assemblies/DTU2019-962-PRJ1139-Klebsiella-pneumoniae-1D-970_R1_001.fa	NODE_8_length_278196_cov_4.448223	66005	66865	-	blaSHV-33_1_AY037779	1-861/861	===============	0/0	100.00	100.00	user_db	blaSHV-33_1_AY037779	ODID_ERR4014325	i2151
/home/projects/cge/backup/fastq/cge_private/FOOD_seqdata/NextSeq/NextSeq_104/Assemblies/DTU2019-970-PRJ1139-Klebsiella-pneumoniae-1D-978_R1_001.fa	NODE_6_length_352403_cov_13.535327	58981	59841	+	blaSHV-179_1_KF705208	1-861/861	===============	0/0	100.00	99.88	user_db	blaSHV-179_1_KF705208	ODID_ERR4014332	i2167
/home/projects/cge/backup/fastq/cge_private/FOOD_seqdata/NextSeq/NextSeq_104/Assemblies/DTU2019-971-PRJ1139-Klebsiella-pneumoniae-1D-979_R1_001.fa	NODE_9_length_201068_cov_6.275842	81015	81875	-	blaSHV-28_1_AF299299	1-861/861	===============	0/0	100.00	99.88	user_db	blaSHV-28_1_AF299299	ODID_ERR4014333	i2171
/home/projects/cge/backup/fastq/cge_private/FOOD_seqdata/NextSeq/NextSeq_104/Assemblies/DTU2019-1001-PRJ1139-Klebsiella-pneumoniae-1D-1009_R1_001.fa	NODE_1_length_967645_cov_14.599319	68280	69140	-	blaSHV-191_1_KP868754	1-861/861	===============	0/0	100.00	99.88	user_db	blaSHV-191_1_KP868754	ODID_ERR4014362	i2221
/home/projects/cge/backup/fastq/cge_private/FOOD_seqdata/NextSeq/NextSeq_104/Assemblies/DTU2019-1009-PRJ1139-Klebsiella-pneumoniae-1D-1017_R1_001.fa	NODE_3_length_525600_cov_9.483197	314931	315791	-	blaSHV-81_1_AM176556	1-861/861	===============	0/0	100.00	99.77	user_db	blaSHV-81_1_AM176556	ODID_ERR4014370	i2240
/home/projects/cge/backup/fastq/cge_private/FOOD_seqdata/NextSeq/NextSeq_105/Assemblies/DTU2019-1023-PRJ1139-Klebsiella-pneumoniae-1D-1031_R1_001.fa	NODE_10_length_174263_cov_2.120905	28336	29196	-	blaSHV-33_1_AY037779	1-861/861	===============	0/0	100.00	100.00	user_db	blaSHV-33_1_AY037779	ODID_ERR4014384	i2274
/home/projects/cge/backup/fastq/cge_private/FOOD_seqdata/NextSeq/NextSeq_105/Assemblies/DTU2019-1025-PRJ1139-Klebsiella-pneumoniae-1D-1033_R1_001.fa	NODE_2_length_669338_cov_5.200233	471090	471956	-	blaSHV-187_1_LN515533	1-867/867	===============	0/0	100.00	99.54	user_db	blaSHV-187_1_LN515533	ODID_ERR4014386	i2286
/home/projects/cge/backup/fastq/cge_private/FOOD_seqdata/NextSeq/NextSeq_129/Assemblies/DTU2019-2585-PRJ1139-Klebsiella-pneumoniae-1D-1035-B_R1_001.fa	NODE_1_length_682915_cov_14.574978	210960	211826	+	blaSHV-187_1_LN515533	1-867/867	===============	0/0	100.00	99.54	user_db	blaSHV-187_1_LN515533	ODID_ERR4014389	i2294
/home/projects/cge/backup/fastq/cge_private/FOOD_seqdata/NextSeq/NextSeq_105/Assemblies/DTU2019-1050-PRJ1139-Klebsiella-pneumoniae-1D-1058_R1_001.fa	NODE_8_length_290412_cov_6.961751	65963	66823	-	blaSHV-70_1_DQ013287	1-861/861	===============	0/0	100.00	99.88	user_db	blaSHV-70_1_DQ013287	ODID_ERR4014411	i2335
/home/projects/cge/backup/fastq/cge_private/FOOD_seqdata/NextSeq/NextSeq_105/Assemblies/DTU2019-1077-PRJ1139-Klebsiella-pneumoniae-1D-1085_R1_001.fa	NODE_10_length_226224_cov_6.230516	197382	198248	+	blaSHV-187_1_LN515533	1-867/867	===============	0/0	100.00	99.54	user_db	blaSHV-187_1_LN515533	ODID_ERR4014437	i2408
/home/projects/cge/backup/fastq/cge_private/FOOD_seqdata/NextSeq/NextSeq_105/Assemblies/DTU2019-1104-PRJ1139-Klebsiella-pneumoniae-1D-1112_R1_001.fa	NODE_9_length_235003_cov_6.570092	28076	28936	-	blaSHV-60_1_AB302939	1-861/861	===============	0/0	100.00	100.00	user_db	blaSHV-60_1_AB302939	ODID_ERR4014463	i2471
/home/projects/cge/backup/fastq/cge_private/FOOD_seqdata/NextSeq/NextSeq_105/Assemblies/DTU2019-1110-PRJ1139-Klebsiella-pneumoniae-1D-1118_R1_001.fa	NODE_21_length_88576_cov_2.949700	27968	28828	-	blaSHV-65_1_DQ174305	1-861/861	===============	0/0	100.00	100.00	user_db	blaSHV-65_1_DQ174305	ODID_ERR4014469	i2485
/home/projects/cge/backup/fastq/cge_private/FOOD_seqdata/NextSeq/NextSeq_106/Assemblies/DTU2019-1121-PRJ1139-Klebsiella-pneumoniae-1D-1129_R1_001.fa	NODE_2_length_427689_cov_6.965561	213488	214354	+	blaSHV-187_1_LN515533	1-867/867	===============	0/0	100.00	99.42	user_db	blaSHV-187_1_LN515533	ODID_ERR4014480	i2506
/home/projects/cge/backup/fastq/cge_private/FOOD_seqdata/NextSeq/NextSeq_106/Assemblies/DTU2019-1124-PRJ1139-Klebsiella-pneumoniae-1D-1132_R1_001.fa	NODE_16_length_115953_cov_10.333897	7953	8819	-	blaSHV-187_1_LN515533	1-867/867	===============	0/0	100.00	99.31	user_db	blaSHV-187_1_LN515533	ODID_ERR4014483	i2512
/home/projects/cge/backup/fastq/cge_private/FOOD_seqdata/NextSeq/NextSeq_106/Assemblies/DTU2019-1142-PRJ1139-Klebsiella-pneumoniae-1D-1150_R1_001.fa	NODE_2_length_461410_cov_3.934771	311933	312799	-	blaSHV-187_1_LN515533	1-867/867	===============	0/0	100.00	99.42	user_db	blaSHV-187_1_LN515533	ODID_ERR4014500	i2537
/home/projects/cge/backup/fastq/cge_private/FOOD_seqdata/NextSeq/NextSeq_106/Assemblies/DTU2019-1171-PRJ1139-Klebsiella-pneumoniae-1D-1179_R1_001.fa	NODE_10_length_226231_cov_7.601935	27977	28843	-	blaSHV-187_1_LN515533	1-867/867	===============	0/0	100.00	99.54	user_db	blaSHV-187_1_LN515533	ODID_ERR4014527	i2600
/home/projects/cge/backup/fastq/cge_private/FOOD_seqdata/NextSeq/NextSeq_106/Assemblies/DTU2019-1185-PRJ1139-Escherichia-coli-1D-1193_R1_001.fa	NODE_50_length_4468_cov_3.044229	804	1664	-	blaSHV-1_1_AF148850	1-861/861	===============	0/0	100.00	99.88	user_db	blaSHV-1_1_AF148850	ODID_ERR4014541	i2631
/home/projects/cge/backup/fastq/cge_private/FOOD_seqdata/NextSeq/NextSeq_106/Assemblies/DTU2019-1206-PRJ1139-Klebsiella-pneumoniae-1D-1216_R1_001.fa	NODE_13_length_179105_cov_8.616545	66986	67846	-	blaSHV-36_1_AF467947	1-861/861	===============	0/0	100.00	100.00	user_db	blaSHV-36_1_AF467947	ODID_ERR4014562	i2672
/home/projects/cge/backup/fastq/cge_private/FOOD_seqdata/NextSeq/NextSeq_118/Assemblies/DTU2019-2261-PRJ1139-Escherichia-coli-1D-1224_R1_001.fa	NODE_36_length_41958_cov_1.596448	39829	40689	+	blaSHV-12_1_KF976405	1-861/861	===============	0/0	100.00	100.00	user_db	blaSHV-12_1_KF976405	ODID_ERR4014569	i2686
/home/projects/cge/backup/fastq/cge_private/FOOD_seqdata/NextSeq/NextSeq_107/Assemblies/DTU2019-1243-PRJ1139-Klebsiella-pneumoniae-1D-1253_R1_001.fa	NODE_12_length_131619_cov_5.829275	81112	81978	-	blaSHV-187_1_LN515533	1-867/867	===============	0/0	100.00	99.31	user_db	blaSHV-187_1_LN515533	ODID_ERR4014598	i2751
/home/projects/cge/backup/fastq/cge_private/FOOD_seqdata/NextSeq/NextSeq_107/Assemblies/DTU2019-1266-PRJ1139-Klebsiella-pneumoniae-1D-1276_R1_001.fa	NODE_1_length_785484_cov_12.553677	718614	719474	+	blaSHV-75_1_AM176550	1-861/861	===============	0/0	100.00	100.00	user_db	blaSHV-75_1_AM176550	ODID_ERR4014619	i2802
/home/projects/cge/backup/fastq/cge_private/FOOD_seqdata/NextSeq/NextSeq_107/Assemblies/DTU2019-1269-PRJ1139-Klebsiella-pneumoniae-1D-1279_R1_001.fa	NODE_12_length_178292_cov_3.856762	111447	112313	+	blaSHV-187_1_LN515533	1-867/867	===============	0/0	100.00	99.54	user_db	blaSHV-187_1_LN515533	ODID_ERR4014622	i2809
/home/projects/cge/backup/fastq/cge_private/FOOD_seqdata/NextSeq/NextSeq_107/Assemblies/DTU2019-1270-PRJ1139-Klebsiella-pneumoniae-1D-1280_R1_001.fa	NODE_9_length_257483_cov_3.533592	214562	215422	+	blaSHV-12_1_KF976405	1-861/861	===============	0/0	100.00	100.00	user_db	blaSHV-12_1_KF976405	ODID_ERR4014623	i2816
/home/projects/cge/backup/fastq/cge_private/FOOD_seqdata/NextSeq/NextSeq_115/Assemblies/DTU2019-2122-PRJ1139-Klebsiella-pneumoniae-1D-1304_R1_001.fa	NODE_94_length_14640_cov_1.282368	12442	13302	-	blaSHV-70_1_DQ013287	1-861/861	===============	0/0	100.00	99.88	user_db	blaSHV-70_1_DQ013287	ODID_ERR4014647	i2864
/home/projects/cge/backup/fastq/cge_private/FOOD_seqdata/NextSeq/NextSeq_107/Assemblies/DTU2019-1300-PRJ1139-Escherichia-coli-1D-1310_R1_001.fa	NODE_29_length_25027_cov_9.515502	10573	11433	+	blaSHV-1_1_AF148850	1-861/861	===============	0/0	100.00	99.88	user_db	blaSHV-1_1_AF148850	ODID_ERR4014652	i2874
/home/projects/cge/backup/fastq/cge_private/FOOD_seqdata/NextSeq/NextSeq_108/Assemblies/DTU2019-1312-PRJ1139-Klebsiella-pneumoniae-1D-1322_R1_001.fa	NODE_1_length_1059212_cov_9.943898	27977	28843	-	blaSHV-187_1_LN515533	1-867/867	===============	0/0	100.00	99.54	user_db	blaSHV-187_1_LN515533	ODID_ERR4014664	i2902
/home/projects/cge/backup/fastq/cge_private/FOOD_seqdata/NextSeq/NextSeq_108/Assemblies/DTU2019-1318-PRJ1139-Klebsiella-pneumoniae-1D-1328_R1_001.fa	NODE_2_length_433576_cov_7.647737	226127	226987	+	blaSHV-28_1_AF299299	1-861/861	===============	0/0	100.00	99.77	user_db	blaSHV-28_1_AF299299	ODID_ERR4014670	i2923
/home/projects/cge/backup/fastq/cge_private/FOOD_seqdata/NextSeq/NextSeq_108/Assemblies/DTU2019-1319-PRJ1139-Klebsiella-pneumoniae-1D-1329_R1_001.fa	NODE_13_length_155955_cov_6.275663	141667	142533	+	blaSHV-187_1_LN515533	1-867/867	===============	0/0	100.00	99.54	user_db	blaSHV-187_1_LN515533	ODID_ERR4014671	i2925
/home/projects/cge/backup/fastq/cge_private/FOOD_seqdata/NextSeq/NextSeq_108/Assemblies/DTU2019-1324-PRJ1139-Klebsiella-pneumoniae-1D-1334_R1_001.fa	NODE_6_length_301459_cov_7.610921	94665	95531	-	blaSHV-187_1_LN515533	1-867/867	===============	0/0	100.00	99.42	user_db	blaSHV-187_1_LN515533	ODID_ERR4014676	i2941
/home/projects/cge/backup/fastq/cge_private/FOOD_seqdata/NextSeq/NextSeq_108/Assemblies/DTU2019-1349-PRJ1139-Klebsiella-pneumoniae-1D-1359_R1_001.fa	NODE_1_length_2475101_cov_12.214367	1013933	1014793	-	blaSHV-101_1_EU155018	1-861/861	===============	0/0	100.00	99.88	user_db	blaSHV-101_1_EU155018	ODID_ERR4014701	i2980
/home/projects/cge/backup/fastq/cge_private/FOOD_seqdata/NextSeq/NextSeq_108/Assemblies/DTU2019-1353-PRJ1139-Klebsiella-pneumoniae-1D-1363_R1_001.fa	NODE_21_length_90544_cov_3.520389	27913	28779	-	blaSHV-187_1_LN515533	1-867/867	===============	0/0	100.00	99.31	user_db	blaSHV-187_1_LN515533	ODID_ERR4014705	i2999
/home/projects/cge/backup/fastq/cge_private/FOOD_seqdata/NextSeq/NextSeq_108/Assemblies/DTU2019-1361-PRJ1139-Klebsiella-pneumoniae-1D-1371_R1_001.fa	NODE_2_length_702696_cov_3.408874	673854	674720	+	blaSHV-187_1_LN515533	1-867/867	===============	0/0	100.00	99.54	user_db	blaSHV-187_1_LN515533	ODID_ERR4014713	i3028
/home/projects/cge/backup/fastq/cge_private/FOOD_seqdata/NextSeq/NextSeq_108/Assemblies/DTU2019-1372-PRJ1139-Klebsiella-pneumoniae-1D-1382_R1_001.fa	NODE_10_length_276966_cov_12.796441	66056	66916	-	blaSHV-11_1_X98101	1-861/861	===============	0/0	100.00	99.77	user_db	blaSHV-11_1_X98101	ODID_ERR4014724	i3051
/home/projects/cge/backup/fastq/cge_private/FOOD_seqdata/NextSeq/NextSeq_108/Assemblies/DTU2019-1373-PRJ1139-Klebsiella-pneumoniae-1D-1383_R1_001.fa	NODE_4_length_482826_cov_10.333968	66206	67066	-	blaSHV-11_1_X98101	1-861/861	===============	0/0	100.00	99.77	user_db	blaSHV-11_1_X98101	ODID_ERR4014725	i3059
/home/projects/cge/backup/fastq/cge_private/FOOD_seqdata/NextSeq/NextSeq_108/Assemblies/DTU2019-1390-PRJ1139-Klebsiella-pneumoniae-1D-1400_R1_001.fa	NODE_5_length_302161_cov_12.901183	232576	233436	+	blaSHV-191_1_KP868754	1-861/861	===============	0/0	100.00	99.88	user_db	blaSHV-191_1_KP868754	ODID_ERR4014741	i3104
