#FILE	SEQUENCE	START	END	STRAND	GENE	COVERAGE	COVERAGE_MAP	GAPS	%COVERAGE	%IDENTITY	CONTIG_LENGTH	METADATA	ASSEMBLY_NAME	OBSERVATION_ID	VARIANT
/home/projects/cge/backup/fastq/cge_private/FOOD_seqdata/NextSeq/NextSeq_103/Assemblies/DTU2019-899-PRJ1139-Klebsiella-pneumoniae-1D-907_R1_001.fa	NODE_2_length_385120_cov_8.557852	339767	342919	-	OqxB_1_EU370913	1-3153/3153	===============	0/0	100.00	98.83	385120	Klebsiella	DK_DTU2019_899_PRJ1139_Klebsiella_pneumoniae_1D-907	DK1	v_18
/home/projects/cge/backup/fastq/cge_private/FOOD_seqdata/NextSeq/NextSeq_103/Assemblies/DTU2019-899-PRJ1139-Klebsiella-pneumoniae-1D-907_R1_001.fa	NODE_2_length_385120_cov_8.557852	342943	344118	-	OqxA_1_EU370913	1-1176/1176	===============	0/0	100.00	99.66	385120	Klebsiella	DK_DTU2019_899_PRJ1139_Klebsiella_pneumoniae_1D-907	DK2	v_19
/home/projects/cge/backup/fastq/cge_private/FOOD_seqdata/NextSeq/NextSeq_103/Assemblies/DTU2019-899-PRJ1139-Klebsiella-pneumoniae-1D-907_R1_001.fa	NODE_6_length_267401_cov_7.730775	114109	114969	+	blaSHV-172_1_KF513177	1-861/861	===============	0/0	100.00	99.88	267401	Klebsiella	DK_DTU2019_899_PRJ1139_Klebsiella_pneumoniae_1D-907	DK3	v_20
/home/projects/cge/backup/fastq/cge_private/FOOD_seqdata/NextSeq/NextSeq_103/Assemblies/DTU2019-900-PRJ1139-Klebsiella-pneumoniae-1D-908_R1_001.fa	NODE_1_length_449725_cov_4.624220	61086	62261	+	OqxA_1_EU370913	1-1176/1176	===============	0/0	100.00	98.98	449725	Klebsiella	DK_DTU2019_900_PRJ1139_Klebsiella_pneumoniae_1D-908	DK4	v_21
/home/projects/cge/backup/fastq/cge_private/FOOD_seqdata/NextSeq/NextSeq_103/Assemblies/DTU2019-900-PRJ1139-Klebsiella-pneumoniae-1D-908_R1_001.fa	NODE_1_length_449725_cov_4.624220	62285	65437	+	OqxB_1_EU370913	1-3153/3153	===============	0/0	100.00	98.98	449725	Klebsiella	DK_DTU2019_900_PRJ1139_Klebsiella_pneumoniae_1D-908	DK5	v_5
/home/projects/cge/backup/fastq/cge_private/FOOD_seqdata/NextSeq/NextSeq_103/Assemblies/DTU2019-901-PRJ1139-Escherichia-coli-1D-909_R1_001.fa	NODE_21_length_66302_cov_15.681783	16244	17104	-	blaTEM-1B_1_AY458016	1-861/861	===============	0/0	100.00	100.00	66302	Escherichia	DK_DTU2019_901_PRJ1139_Escherichia_coli_1D-909	DK7	v_23
/home/projects/cge/backup/fastq/cge_private/FOOD_seqdata/NextSeq/NextSeq_103/Assemblies/DTU2019-902-PRJ1139-Escherichia-coli-1D-910_R1_001.fa	NODE_20_length_69223_cov_27.723747	4139	5344	+	tet(B)_2_AF326777	1-1206/1206	===============	0/0	100.00	99.92	69223	Escherichia	DK_DTU2019_902_PRJ1139_Escherichia_coli_1D-910	DK9	v_25
/home/projects/cge/backup/fastq/cge_private/FOOD_seqdata/NextSeq/NextSeq_103/Assemblies/DTU2019-902-PRJ1139-Escherichia-coli-1D-910_R1_001.fa	NODE_20_length_69223_cov_27.723747	15179	16039	-	blaTEM-1D_1_AF188200	1-861/861	===============	0/0	100.00	100.00	69223	Escherichia	DK_DTU2019_902_PRJ1139_Escherichia_coli_1D-910	DK10	v_26
/home/projects/cge/backup/fastq/cge_private/FOOD_seqdata/NextSeq/NextSeq_103/Assemblies/DTU2019-903-PRJ1139-Escherichia-coli-1D-911_R1_001.fa	NODE_17_length_95676_cov_8.967315	71878	72693	+	sul2_2_AY034138	1-816/816	===============	0/0	100.00	100.00	95676	Escherichia	DK_DTU2019_903_PRJ1139_Escherichia_coli_1D-911	DK11	v_27
/home/projects/cge/backup/fastq/cge_private/FOOD_seqdata/NextSeq/NextSeq_103/Assemblies/DTU2019-903-PRJ1139-Escherichia-coli-1D-911_R1_001.fa	NODE_17_length_95676_cov_8.967315	72754	73557	+	aph(3'')-Ib_5_AF321551	1-804/804	===============	0/0	100.00	100.00	95676	Escherichia	DK_DTU2019_903_PRJ1139_Escherichia_coli_1D-911	DK12	v_28
/home/projects/cge/backup/fastq/cge_private/FOOD_seqdata/NextSeq/NextSeq_103/Assemblies/DTU2019-903-PRJ1139-Escherichia-coli-1D-911_R1_001.fa	NODE_17_length_95676_cov_8.967315	73813	74673	-	blaTEM-1C_1_FJ560503	1-861/861	===============	0/0	100.00	100.00	95676	Escherichia	DK_DTU2019_903_PRJ1139_Escherichia_coli_1D-911	DK13	v_29
/home/projects/cge/backup/fastq/cge_private/FOOD_seqdata/NextSeq/NextSeq_103/Assemblies/DTU2019-904-PRJ1139-Escherichia-coli-1D-912_R1_001.fa	NODE_21_length_55587_cov_22.103426	8897	9757	+	blaTEM-1B_1_AY458016	1-861/861	===============	0/0	100.00	99.88	55587	Escherichia	DK_DTU2019_904_PRJ1139_Escherichia_coli_1D-912	DK14	v_30
/home/projects/cge/backup/fastq/cge_private/FOOD_seqdata/NextSeq/NextSeq_103/Assemblies/DTU2019-905-PRJ1139-Escherichia-coli-1D-913_R1_001.fa	NODE_10_length_162474_cov_18.582358	135114	136346	-	mdf(A)_1_Y08743	1-1233/1233	===============	0/0	100.00	98.95	162474	Escherichia	DK_DTU2019_905_PRJ1139_Escherichia_coli_1D-913	DK16	v_32
/home/projects/cge/backup/fastq/cge_private/FOOD_seqdata/NextSeq/NextSeq_103/Assemblies/DTU2019-906-PRJ1139-Escherichia-coli-1D-914_R1_001.fa	NODE_15_length_62605_cov_17.902862	21185	22021	-	aph(6)-Id_1_M28829	1-837/837	===============	0/0	100.00	100.00	62605	Escherichia	DK_DTU2019_906_PRJ1139_Escherichia_coli_1D-914	DK18	v_34
/home/projects/cge/backup/fastq/cge_private/FOOD_seqdata/NextSeq/NextSeq_103/Assemblies/DTU2019-906-PRJ1139-Escherichia-coli-1D-914_R1_001.fa	NODE_15_length_62605_cov_17.902862	22021	22823	-	aph(3'')-Ib_2_AF024602	2-804/804	===============	0/0	99.88	100.00	62605	Escherichia	DK_DTU2019_906_PRJ1139_Escherichia_coli_1D-914	DK19	v_35
/home/projects/cge/backup/fastq/cge_private/FOOD_seqdata/NextSeq/NextSeq_103/Assemblies/DTU2019-906-PRJ1139-Escherichia-coli-1D-914_R1_001.fa	NODE_15_length_62605_cov_17.902862	32010	32483	+	dfrA17_1_FJ460238	1-474/474	===============	0/0	100.00	100.00	62605	Escherichia	DK_DTU2019_906_PRJ1139_Escherichia_coli_1D-914	DK20	v_36
/home/projects/cge/backup/fastq/cge_private/FOOD_seqdata/NextSeq/NextSeq_103/Assemblies/DTU2019-906-PRJ1139-Escherichia-coli-1D-914_R1_001.fa	NODE_15_length_62605_cov_17.902862	32614	33402	+	aadA5_1_AF137361	1-789/789	===============	0/0	100.00	100.00	62605	Escherichia	DK_DTU2019_906_PRJ1139_Escherichia_coli_1D-914	DK21	v_37
/home/projects/cge/backup/fastq/cge_private/FOOD_seqdata/NextSeq/NextSeq_103/Assemblies/DTU2019-906-PRJ1139-Escherichia-coli-1D-914_R1_001.fa	NODE_15_length_62605_cov_17.902862	35804	36619	+	sul2_2_AY034138	1-816/816	===============	0/0	100.00	100.00	62605	Escherichia	DK_DTU2019_906_PRJ1139_Escherichia_coli_1D-914	DK22	v_27
/home/projects/cge/backup/fastq/cge_private/FOOD_seqdata/NextSeq/NextSeq_103/Assemblies/DTU2019-906-PRJ1139-Escherichia-coli-1D-914_R1_001.fa	NODE_21_length_45685_cov_17.889394	1892	2767	+	blaCTX-M-1_1_DQ915955	1-876/876	===============	0/0	100.00	100.00	45685	Escherichia	DK_DTU2019_906_PRJ1139_Escherichia_coli_1D-914	DK23	v_38
/home/projects/cge/backup/fastq/cge_private/FOOD_seqdata/NextSeq/NextSeq_103/Assemblies/DTU2019-907-PRJ1139-Escherichia-coli-1D-915_R1_001.fa	NODE_17_length_72444_cov_55.394195	7140	8000	-	blaTEM-1A_1_HM749966	1-861/861	===============	0/0	100.00	100.00	72444	Escherichia	DK_DTU2019_907_PRJ1139_Escherichia_coli_1D-915	DK24	v_39
/home/projects/cge/backup/fastq/cge_private/FOOD_seqdata/NextSeq/NextSeq_103/Assemblies/DTU2019-907-PRJ1139-Escherichia-coli-1D-915_R1_001.fa	NODE_17_length_72444_cov_55.394195	67559	68374	+	sul2_2_AY034138	1-816/816	===============	0/0	100.00	100.00	72444	Escherichia	DK_DTU2019_907_PRJ1139_Escherichia_coli_1D-915	DK25	v_27
/home/projects/cge/backup/fastq/cge_private/FOOD_seqdata/NextSeq/NextSeq_103/Assemblies/DTU2019-907-PRJ1139-Escherichia-coli-1D-915_R1_001.fa	NODE_30_length_17300_cov_14.563326	2794	3267	+	dfrA1_8_X00926	1-474/474	===============	0/0	100.00	100.00	17300	Escherichia	DK_DTU2019_907_PRJ1139_Escherichia_coli_1D-915	DK26	v_13
/home/projects/cge/backup/fastq/cge_private/FOOD_seqdata/NextSeq/NextSeq_103/Assemblies/DTU2019-907-PRJ1139-Escherichia-coli-1D-915_R1_001.fa	NODE_30_length_17300_cov_14.563326	14167	15372	+	tet(B)_1_AP000342	1-1206/1206	===============	0/0	100.00	99.92	17300	Escherichia	DK_DTU2019_907_PRJ1139_Escherichia_coli_1D-915	DK27	v_40
/home/projects/cge/backup/fastq/cge_private/FOOD_seqdata/NextSeq/NextSeq_103/Assemblies/DTU2019-908-PRJ1139-Escherichia-coli-1D-916_R1_001.fa	NODE_17_length_114994_cov_15.078569	73405	73878	+	dfrA1_8_X00926	1-474/474	===============	0/0	100.00	100.00	114994	Escherichia	UK_DTU2019_908_PRJ1139_Escherichia_coli_1D-916	UK1	v_13
/home/projects/cge/backup/fastq/cge_private/FOOD_seqdata/NextSeq/NextSeq_103/Assemblies/DTU2019-909-PRJ1139-Escherichia-coli-1D-917_R1_001.fa	NODE_19_length_105721_cov_10.894265	26883	28115	-	mdf(A)_1_Y08743	1-1233/1233	===============	0/0	100.00	99.92	105721	Escherichia	UK_DTU2019_909_PRJ1139_Escherichia_coli_1D-917	UK2	v_75
/home/projects/cge/backup/fastq/cge_private/FOOD_seqdata/NextSeq/NextSeq_103/Assemblies/DTU2019-909-PRJ1139-Escherichia-coli-1D-917_R1_001.fa	NODE_33_length_54041_cov_32.638554	32110	32583	+	dfrA1_8_X00926	1-474/474	===============	0/0	100.00	100.00	54041	Escherichia	UK_DTU2019_909_PRJ1139_Escherichia_coli_1D-917	UK3	v_13
/home/projects/cge/backup/fastq/cge_private/FOOD_seqdata/NextSeq/NextSeq_103/Assemblies/DTU2019-909-PRJ1139-Escherichia-coli-1D-917_R1_001.fa	NODE_33_length_54041_cov_32.638554	32701	33333	+	catB3_2_U13880	1-633/633	===============	0/0	100.00	99.84	54041	Escherichia	UK_DTU2019_909_PRJ1139_Escherichia_coli_1D-917	UK4	v_119
/home/projects/cge/backup/fastq/cge_private/FOOD_seqdata/NextSeq/NextSeq_103/Assemblies/DTU2019-909-PRJ1139-Escherichia-coli-1D-917_R1_001.fa	NODE_33_length_54041_cov_32.638554	37717	38577	+	blaTEM-1A_1_HM749966	1-861/861	===============	0/0	100.00	100.00	54041	Escherichia	UK_DTU2019_909_PRJ1139_Escherichia_coli_1D-917	UK5	v_39
/home/projects/cge/backup/fastq/cge_private/FOOD_seqdata/NextSeq/NextSeq_103/Assemblies/DTU2019-911-PRJ1139-Klebsiella-oxytoca-1D-919_R1_001.fa	NODE_20_length_109901_cov_7.524514	2997	3863	+	sul1_5_EU780013	1-867/867	===============	0/0	100.00	99.77	109901	Klebsiella	UK_DTU2019_911_PRJ1139_Klebsiella_oxytoca_1D-919	UK9	v_122
/home/projects/cge/backup/fastq/cge_private/FOOD_seqdata/NextSeq/NextSeq_103/Assemblies/DTU2019-911-PRJ1139-Klebsiella-oxytoca-1D-919_R1_001.fa	NODE_31_length_13670_cov_21.038692	5620	6422	+	aph(3'')-Ib_2_AF024602	2-804/804	===============	0/0	99.88	100.00	13670	Klebsiella	UK_DTU2019_911_PRJ1139_Klebsiella_oxytoca_1D-919	UK11	v_35
/home/projects/cge/backup/fastq/cge_private/FOOD_seqdata/NextSeq/NextSeq_103/Assemblies/DTU2019-911-PRJ1139-Klebsiella-oxytoca-1D-919_R1_001.fa	NODE_31_length_13670_cov_21.038692	6422	7258	+	aph(6)-Id_1_M28829	1-837/837	===============	0/0	100.00	100.00	13670	Klebsiella	UK_DTU2019_911_PRJ1139_Klebsiella_oxytoca_1D-919	UK12	v_34
/home/projects/cge/backup/fastq/cge_private/FOOD_seqdata/NextSeq/NextSeq_103/Assemblies/DTU2019-911-PRJ1139-Klebsiella-oxytoca-1D-919_R1_001.fa	NODE_6_length_278758_cov_9.080996	273247	274062	+	sul2_2_AY034138	1-816/816	===============	0/0	100.00	100.00	278758	Klebsiella	UK_DTU2019_911_PRJ1139_Klebsiella_oxytoca_1D-919	UK16	v_27
/home/projects/cge/backup/fastq/cge_private/FOOD_seqdata/NextSeq/NextSeq_103/Assemblies/DTU2019-912-PRJ1139-Enterobacter-cloacae-1D-920_R1_001.fa	NODE_2_length_500075_cov_11.487977	479185	480330	+	blaACT-7_1_FJ237368	1-1146/1146	===============	0/0	100.00	99.48	500075	Enterobacter	UK_DTU2019_912_PRJ1139_Enterobacter_cloacae_1D-920	UK17	v_124
/home/projects/cge/backup/fastq/cge_private/FOOD_seqdata/NextSeq/NextSeq_103/Assemblies/DTU2019-913-PRJ1139-Pseudomonas-aeruginosa-1D-921_R1_001.fa	NODE_12_length_91353_cov_3.596793	56870	57658	+	blaOXA-396_1_AY306134	1-789/789	===============	0/0	100.00	99.87	91353	Pseudomonas	UK_DTU2019_913_PRJ1139_Pseudomonas_aeruginosa_1D-921	UK18	v_125
/home/projects/cge/backup/fastq/cge_private/FOOD_seqdata/NextSeq/NextSeq_103/Assemblies/DTU2019-913-PRJ1139-Pseudomonas-aeruginosa-1D-921_R1_001.fa	NODE_17_length_73264_cov_2.655469	18463	18870	-	fosA_4_ACWU01000146	1-408/408	===============	0/0	100.00	99.02	73264	Pseudomonas	UK_DTU2019_913_PRJ1139_Pseudomonas_aeruginosa_1D-921	UK19	v_126
/home/projects/cge/backup/fastq/cge_private/FOOD_seqdata/NextSeq/NextSeq_103/Assemblies/DTU2019-913-PRJ1139-Pseudomonas-aeruginosa-1D-921_R1_001.fa	NODE_27_length_60015_cov_2.714567	52314	52952	-	catB7_1_AF036933	1-639/639	===============	0/0	100.00	99.37	60015	Pseudomonas	UK_DTU2019_913_PRJ1139_Pseudomonas_aeruginosa_1D-921	UK20	v_127
/home/projects/cge/backup/fastq/cge_private/FOOD_seqdata/NextSeq/NextSeq_103/Assemblies/DTU2019-913-PRJ1139-Pseudomonas-aeruginosa-1D-921_R1_001.fa	NODE_69_length_34010_cov_3.347431	14313	15119	+	aph(3')-IIb_2_CP006832	1-807/807	===============	0/0	100.00	99.01	34010	Pseudomonas	UK_DTU2019_913_PRJ1139_Pseudomonas_aeruginosa_1D-921	UK21	v_128
/home/projects/cge/backup/fastq/cge_private/FOOD_seqdata/NextSeq/NextSeq_103/Assemblies/DTU2019-913-PRJ1139-Pseudomonas-aeruginosa-1D-921_R1_001.fa	NODE_69_length_34010_cov_3.347431	27476	28669	-	blaPAO_1_AY083595	1-1194/1194	===============	0/0	100.00	99.67	34010	Pseudomonas	UK_DTU2019_913_PRJ1139_Pseudomonas_aeruginosa_1D-921	UK22	v_129
/home/projects/cge/backup/fastq/cge_private/FOOD_seqdata/NextSeq/NextSeq_103/Assemblies/DTU2019-914-PRJ1139-Escherichia-coli-1D-922_R1_001.fa	NODE_14_length_63380_cov_179.504545	58148	58984	-	aph(6)-Id_1_M28829	1-837/837	===============	0/0	100.00	100.00	63380	Escherichia	UK_DTU2019_914_PRJ1139_Escherichia_coli_1D-922	UK23	v_34
/home/projects/cge/backup/fastq/cge_private/FOOD_seqdata/NextSeq/NextSeq_103/Assemblies/DTU2019-914-PRJ1139-Escherichia-coli-1D-922_R1_001.fa	NODE_14_length_63380_cov_179.504545	58984	59787	-	aph(3'')-Ib_5_AF321551	1-804/804	===============	0/0	100.00	100.00	63380	Escherichia	UK_DTU2019_914_PRJ1139_Escherichia_coli_1D-922	UK24	v_28
/home/projects/cge/backup/fastq/cge_private/FOOD_seqdata/NextSeq/NextSeq_103/Assemblies/DTU2019-914-PRJ1139-Escherichia-coli-1D-922_R1_001.fa	NODE_14_length_63380_cov_179.504545	59848	60663	-	sul2_2_AY034138	1-816/816	===============	0/0	100.00	100.00	63380	Escherichia	UK_DTU2019_914_PRJ1139_Escherichia_coli_1D-922	UK25	v_27
/home/projects/cge/backup/fastq/cge_private/FOOD_seqdata/NextSeq/NextSeq_103/Assemblies/DTU2019-915-PRJ1139-Proteus-mirabilis-1D-923_R1_001.fa	NODE_13_length_118510_cov_18.634331	28654	29307	+	cat_1_M11587	1-654/654	========/======	2/2	99.85	98.02	118510	Proteus	UK_DTU2019_915_PRJ1139_Proteus_mirabilis_1D-923	UK27	v_131
/home/projects/cge/backup/fastq/cge_private/FOOD_seqdata/NextSeq/NextSeq_103/Assemblies/DTU2019-915-PRJ1139-Proteus-mirabilis-1D-923_R1_001.fa	NODE_6_length_233955_cov_18.648105	199165	199638	+	dfrA1_8_X00926	1-474/474	===============	0/0	100.00	100.00	233955	Proteus	UK_DTU2019_915_PRJ1139_Proteus_mirabilis_1D-923	UK29	v_13
/home/projects/cge/backup/fastq/cge_private/FOOD_seqdata/NextSeq/NextSeq_103/Assemblies/DTU2019-915-PRJ1139-Proteus-mirabilis-1D-923_R1_001.fa	NODE_8_length_210480_cov_18.315489	171432	172628	+	tet(J)_1_ACLE01000065	1-1197/1197	===============	0/0	100.00	99.08	210480	Proteus	UK_DTU2019_915_PRJ1139_Proteus_mirabilis_1D-923	UK30	v_14
/home/projects/cge/backup/fastq/cge_private/FOOD_seqdata/NextSeq/NextSeq_103/Assemblies/DTU2019-916-PRJ1139-Escherichia-coli-1D-924_R1_001.fa	NODE_1_length_473831_cov_8.922323	190057	191289	-	mdf(A)_1_Y08743	1-1233/1233	===============	0/0	100.00	98.22	473831	Escherichia	UK_DTU2019_916_PRJ1139_Escherichia_coli_1D-924	UK31	v_2
/home/projects/cge/backup/fastq/cge_private/FOOD_seqdata/NextSeq/NextSeq_103/Assemblies/DTU2019-918-PRJ1139-Escherichia-coli-1D-926_R1_001.fa	NODE_1_length_782772_cov_9.701379	385330	386145	+	sul2_2_AY034138	1-816/816	===============	0/0	100.00	99.88	782772	Escherichia	CH_DTU2019_918_PRJ1139_Escherichia_coli_1D-926	CH1	v_1
/home/projects/cge/backup/fastq/cge_private/FOOD_seqdata/NextSeq/NextSeq_103/Assemblies/DTU2019-918-PRJ1139-Escherichia-coli-1D-926_R1_001.fa	NODE_25_length_61011_cov_8.871099	27102	28334	+	mdf(A)_1_Y08743	1-1233/1233	===============	0/0	100.00	98.22	61011	Escherichia	CH_DTU2019_918_PRJ1139_Escherichia_coli_1D-926	CH2	v_2
/home/projects/cge/backup/fastq/cge_private/FOOD_seqdata/NextSeq/NextSeq_103/Assemblies/DTU2019-920-PRJ1139-Klebsiella-pneumoniae-1D-928_R1_001.fa	NODE_15_length_80861_cov_13.525243	64586	65761	+	OqxA_1_EU370913	1-1176/1176	===============	0/0	100.00	98.98	80861	Klebsiella	CH_DTU2019_920_PRJ1139_Klebsiella_pneumoniae_1D-928	CH4	v_4
/home/projects/cge/backup/fastq/cge_private/FOOD_seqdata/NextSeq/NextSeq_103/Assemblies/DTU2019-920-PRJ1139-Klebsiella-pneumoniae-1D-928_R1_001.fa	NODE_15_length_80861_cov_13.525243	65785	68937	+	OqxB_1_EU370913	1-3153/3153	===============	0/0	100.00	98.98	80861	Klebsiella	CH_DTU2019_920_PRJ1139_Klebsiella_pneumoniae_1D-928	CH5	v_5
/home/projects/cge/backup/fastq/cge_private/FOOD_seqdata/NextSeq/NextSeq_103/Assemblies/DTU2019-920-PRJ1139-Klebsiella-pneumoniae-1D-928_R1_001.fa	NODE_2_length_523748_cov_11.818147	456879	457745	+	blaSHV-187_1_LN515533	1-867/867	===============	0/0	100.00	99.89	523748	Klebsiella	CH_DTU2019_920_PRJ1139_Klebsiella_pneumoniae_1D-928	CH6	v_6
/home/projects/cge/backup/fastq/cge_private/FOOD_seqdata/NextSeq/NextSeq_103/Assemblies/DTU2019-920-PRJ1139-Klebsiella-pneumoniae-1D-928_R1_001.fa	NODE_31_length_8551_cov_12.631054	2451	3317	+	sul1_5_EU780013	1-867/867	===============	0/0	100.00	99.89	8551	Klebsiella	CH_DTU2019_920_PRJ1139_Klebsiella_pneumoniae_1D-928	CH8	v_8
/home/projects/cge/backup/fastq/cge_private/FOOD_seqdata/NextSeq/NextSeq_104/Assemblies/DTU2019-921-PRJ1139-Klebsiella-pneumoniae-1D-929_R1_001.fa	NODE_12_length_212938_cov_6.593964	19600	20460	-	blaSHV-178_1_KF705209	1-861/861	===============	0/0	100.00	99.65	212938	Klebsiella	CH_DTU2019_921_PRJ1139_Klebsiella_pneumoniae_1D-929	CH9	v_9
/home/projects/cge/backup/fastq/cge_private/FOOD_seqdata/NextSeq/NextSeq_104/Assemblies/DTU2019-921-PRJ1139-Klebsiella-pneumoniae-1D-929_R1_001.fa	NODE_1_length_480365_cov_7.345375	435595	438747	-	OqxB_1_EU370913	1-3153/3153	===============	0/0	100.00	98.76	480365	Klebsiella	CH_DTU2019_921_PRJ1139_Klebsiella_pneumoniae_1D-929	CH10	v_10
/home/projects/cge/backup/fastq/cge_private/FOOD_seqdata/NextSeq/NextSeq_104/Assemblies/DTU2019-921-PRJ1139-Klebsiella-pneumoniae-1D-929_R1_001.fa	NODE_1_length_480365_cov_7.345375	438771	439946	-	OqxA_1_EU370913	1-1176/1176	===============	0/0	100.00	99.49	480365	Klebsiella	CH_DTU2019_921_PRJ1139_Klebsiella_pneumoniae_1D-929	CH11	v_11
/home/projects/cge/backup/fastq/cge_private/FOOD_seqdata/NextSeq/NextSeq_104/Assemblies/DTU2019-922-PRJ1139-Proteus-mirabilis-1D-930_R1_001.fa	NODE_14_length_118604_cov_16.746086	89298	89951	-	cat_1_M11587	1-654/654	========/======	2/2	99.85	98.17	118604	Proteus	CH_DTU2019_922_PRJ1139_Proteus_mirabilis_1D-930	CH12	v_12
/home/projects/cge/backup/fastq/cge_private/FOOD_seqdata/NextSeq/NextSeq_104/Assemblies/DTU2019-922-PRJ1139-Proteus-mirabilis-1D-930_R1_001.fa	NODE_3_length_252647_cov_17.397965	217858	218331	+	dfrA1_8_X00926	1-474/474	===============	0/0	100.00	100.00	252647	Proteus	CH_DTU2019_922_PRJ1139_Proteus_mirabilis_1D-930	CH13	v_13
/home/projects/cge/backup/fastq/cge_private/FOOD_seqdata/NextSeq/NextSeq_104/Assemblies/DTU2019-922-PRJ1139-Proteus-mirabilis-1D-930_R1_001.fa	NODE_6_length_211107_cov_16.627917	171773	172969	+	tet(J)_1_ACLE01000065	1-1197/1197	===============	0/0	100.00	99.08	211107	Proteus	CH_DTU2019_922_PRJ1139_Proteus_mirabilis_1D-930	CH14	v_14
/home/projects/cge/backup/fastq/cge_private/FOOD_seqdata/NextSeq/NextSeq_104/Assemblies/DTU2019-925-PRJ1139-Klebsiella-pneumoniae-1D-933_R1_001.fa	NODE_4_length_428428_cov_5.657222	240634	241494	-	blaOKP-B-8_1_AM051157	1-861/861	===============	0/0	100.00	100.00	428428	Klebsiella	CH_DTU2019_925_PRJ1139_Klebsiella_pneumoniae_1D-933	CH15	v_15
/home/projects/cge/backup/fastq/cge_private/FOOD_seqdata/NextSeq/NextSeq_104/Assemblies/DTU2019-926-PRJ1139-Citrobacter-braakii-1D-934_R1_001.fa	NODE_11_length_143916_cov_7.473750	16979	18124	-	blaCMY-83_1_JX440351	1-1146/1146	===============	0/0	100.00	99.65	143916	Citrobacter	CH_DTU2019_926_PRJ1139_Citrobacter_braakii_1D-934	CH16	v_16
/home/projects/cge/backup/fastq/cge_private/FOOD_seqdata/NextSeq/NextSeq_104/Assemblies/DTU2019-927-PRJ1139-Proteus-mirabilis-1D-935_R1_001.fa	NODE_3_length_379033_cov_21.705510	115696	116892	+	tet(J)_1_ACLE01000065	1-1197/1197	===============	0/0	100.00	99.08	379033	Proteus	CH_DTU2019_927_PRJ1139_Proteus_mirabilis_1D-935	CH17	v_17
/home/projects/cge/backup/fastq/cge_private/FOOD_seqdata/NextSeq/NextSeq_104/Assemblies/DTU2019-928-PRJ1139-Klebsiella-pneumoniae-1D-936_R1_001.fa	NODE_21_length_31545_cov_32.039054	21480	22282	+	aph(3'')-Ib_2_AF024602	2-804/804	===============	0/0	99.88	100.00	31545	Klebsiella	DTU2019_928_PRJ1139_Klebsiella_pneumoniae_1D-936	DT1	v_35
/home/projects/cge/backup/fastq/cge_private/FOOD_seqdata/NextSeq/NextSeq_104/Assemblies/DTU2019-928-PRJ1139-Klebsiella-pneumoniae-1D-936_R1_001.fa	NODE_21_length_31545_cov_32.039054	22282	23118	+	aph(6)-Id_1_M28829	1-837/837	===============	0/0	100.00	100.00	31545	Klebsiella	DTU2019_928_PRJ1139_Klebsiella_pneumoniae_1D-936	DT2	v_34
/home/projects/cge/backup/fastq/cge_private/FOOD_seqdata/NextSeq/NextSeq_104/Assemblies/DTU2019-928-PRJ1139-Klebsiella-pneumoniae-1D-936_R1_001.fa	NODE_3_length_483670_cov_11.557955	39952	41127	+	OqxA_1_EU370913	1-1176/1176	===============	0/0	100.00	99.75	483670	Klebsiella	DTU2019_928_PRJ1139_Klebsiella_pneumoniae_1D-936	DT3	v_41
/home/projects/cge/backup/fastq/cge_private/FOOD_seqdata/NextSeq/NextSeq_104/Assemblies/DTU2019-928-PRJ1139-Klebsiella-pneumoniae-1D-936_R1_001.fa	NODE_3_length_483670_cov_11.557955	41151	44303	+	OqxB_1_EU370913	1-3153/3153	===============	0/0	100.00	98.83	483670	Klebsiella	DTU2019_928_PRJ1139_Klebsiella_pneumoniae_1D-936	DT4	v_42
/home/projects/cge/backup/fastq/cge_private/FOOD_seqdata/NextSeq/NextSeq_104/Assemblies/DTU2019-928-PRJ1139-Klebsiella-pneumoniae-1D-936_R1_001.fa	NODE_8_length_266183_cov_9.838993	224681	225541	+	blaSHV-81_1_AM176556	1-861/861	===============	0/0	100.00	99.77	266183	Klebsiella	DTU2019_928_PRJ1139_Klebsiella_pneumoniae_1D-936	DT5	v_43
/home/projects/cge/backup/fastq/cge_private/FOOD_seqdata/NextSeq/NextSeq_104/Assemblies/DTU2019-930-PRJ1139-Proteus-mirabilis-1D-938_R1_001.fa	NODE_13_length_110084_cov_15.964241	40686	41882	-	tet(J)_1_ACLE01000065	1-1197/1197	===============	0/0	100.00	99.17	110084	Proteus	DTU2019_930_PRJ1139_Proteus_mirabilis_1D-938	DT6	v_44
/home/projects/cge/backup/fastq/cge_private/FOOD_seqdata/NextSeq/NextSeq_104/Assemblies/DTU2019-930-PRJ1139-Proteus-mirabilis-1D-938_R1_001.fa	NODE_31_length_45816_cov_16.050537	28683	29336	+	cat_1_M11587	1-654/654	========/======	2/2	99.85	98.32	45816	Proteus	DTU2019_930_PRJ1139_Proteus_mirabilis_1D-938	DT7	v_45
/home/projects/cge/backup/fastq/cge_private/FOOD_seqdata/NextSeq/NextSeq_104/Assemblies/DTU2019-931-PRJ1139-Klebsiella-pneumoniae-1D-939_R1_001.fa	NODE_1_length_407020_cov_15.996940	359297	362449	-	OqxB_1_EU370913	1-3153/3153	===============	0/0	100.00	99.08	407020	Klebsiella	DTU2019_931_PRJ1139_Klebsiella_pneumoniae_1D-939	DT8	v_46
/home/projects/cge/backup/fastq/cge_private/FOOD_seqdata/NextSeq/NextSeq_104/Assemblies/DTU2019-931-PRJ1139-Klebsiella-pneumoniae-1D-939_R1_001.fa	NODE_1_length_407020_cov_15.996940	362473	363648	-	OqxA_1_EU370913	1-1176/1176	===============	0/0	100.00	99.32	407020	Klebsiella	DTU2019_931_PRJ1139_Klebsiella_pneumoniae_1D-939	DT9	v_47
/home/projects/cge/backup/fastq/cge_private/FOOD_seqdata/NextSeq/NextSeq_104/Assemblies/DTU2019-931-PRJ1139-Klebsiella-pneumoniae-1D-939_R1_001.fa	NODE_5_length_342641_cov_13.279784	121216	122076	+	blaSHV-41_1_AF535129	1-861/861	===============	0/0	100.00	100.00	342641	Klebsiella	DTU2019_931_PRJ1139_Klebsiella_pneumoniae_1D-939	DT10	v_48
/home/projects/cge/backup/fastq/cge_private/FOOD_seqdata/NextSeq/NextSeq_104/Assemblies/DTU2019-932-PRJ1139-Enterobacter-cloacae-1D-940_R1_001.fa	NODE_23_length_49715_cov_16.289022	17275	18417	-	blaACT-9_1_HQ693810	1-1143/1143	===============	0/0	100.00	99.83	49715	Enterobacter	DTU2019_932_PRJ1139_Enterobacter_cloacae_1D-940	DT11	v_49
/home/projects/cge/backup/fastq/cge_private/FOOD_seqdata/NextSeq/NextSeq_104/Assemblies/DTU2019-933-PRJ1139-Escherichia-coli-1D-941_R1_001.fa	NODE_4_length_303571_cov_10.327846	79926	81158	+	mdf(A)_1_Y08743	1-1233/1233	===============	0/0	100.00	98.78	303571	Escherichia	DTU2019_933_PRJ1139_Escherichia_coli_1D-941	DT13	v_51
/home/projects/cge/backup/fastq/cge_private/FOOD_seqdata/NextSeq/NextSeq_104/Assemblies/DTU2019-934-PRJ1139-Proteus-mirabilis-1D-942_R1_001.fa	NODE_3_length_319799_cov_8.575887	28451	29104	+	cat_1_M11587	1-654/654	========/======	2/2	99.85	98.17	319799	Proteus	DTU2019_934_PRJ1139_Proteus_mirabilis_1D-942	DT16	v_12
/home/projects/cge/backup/fastq/cge_private/FOOD_seqdata/NextSeq/NextSeq_104/Assemblies/DTU2019-934-PRJ1139-Proteus-mirabilis-1D-942_R1_001.fa	NODE_6_length_247151_cov_8.585097	83133	84329	-	tet(J)_1_ACLE01000065	1-1197/1197	===============	0/0	100.00	99.25	247151	Proteus	DTU2019_934_PRJ1139_Proteus_mirabilis_1D-942	DT17	v_52
/home/projects/cge/backup/fastq/cge_private/FOOD_seqdata/NextSeq/NextSeq_104/Assemblies/DTU2019-935-PRJ1139-Klebsiella-pneumoniae-1D-943_R1_001.fa	NODE_2_length_471855_cov_9.648683	287241	288101	-	blaSHV-33_1_AY037779	1-861/861	===============	0/0	100.00	100.00	471855	Klebsiella	DTU2019_935_PRJ1139_Klebsiella_pneumoniae_1D-943	DT18	v_53
/home/projects/cge/backup/fastq/cge_private/FOOD_seqdata/NextSeq/NextSeq_104/Assemblies/DTU2019-935-PRJ1139-Klebsiella-pneumoniae-1D-943_R1_001.fa	NODE_5_length_389021_cov_11.163232	30789	31964	+	OqxA_1_EU370913	1-1176/1176	===============	0/0	100.00	99.23	389021	Klebsiella	DTU2019_935_PRJ1139_Klebsiella_pneumoniae_1D-943	DT20	v_54
/home/projects/cge/backup/fastq/cge_private/FOOD_seqdata/NextSeq/NextSeq_104/Assemblies/DTU2019-935-PRJ1139-Klebsiella-pneumoniae-1D-943_R1_001.fa	NODE_5_length_389021_cov_11.163232	31988	35140	+	OqxB_1_EU370913	1-3153/3153	===============	0/0	100.00	98.95	389021	Klebsiella	DTU2019_935_PRJ1139_Klebsiella_pneumoniae_1D-943	DT21	v_55
/home/projects/cge/backup/fastq/cge_private/FOOD_seqdata/NextSeq/NextSeq_104/Assemblies/DTU2019-936-PRJ1139-Citrobacter-freundii-1D-944_R1_001.fa	NODE_4_length_496106_cov_5.658227	474727	475872	+	blaCMY-152_1_KY978224	1-1146/1146	===============	0/0	100.00	100.00	496106	Citrobacter	DTU2019_936_PRJ1139_Citrobacter_freundii_1D-944	DT22	v_56
/home/projects/cge/backup/fastq/cge_private/FOOD_seqdata/NextSeq/NextSeq_104/Assemblies/DTU2019-938-PRJ1139-Klebsiella-pneumoniae-1D-946_R1_001.fa	NODE_29_length_5814_cov_9.341129	2823	3659	-	aph(6)-Id_1_M28829	1-837/837	===============	0/0	100.00	100.00	5814	Klebsiella	DTU2019_938_PRJ1139_Klebsiella_pneumoniae_1D-946	DT25	v_34
/home/projects/cge/backup/fastq/cge_private/FOOD_seqdata/NextSeq/NextSeq_104/Assemblies/DTU2019-938-PRJ1139-Klebsiella-pneumoniae-1D-946_R1_001.fa	NODE_4_length_430426_cov_6.885094	113398	114258	+	blaSHV-32_1_AY037778	1-861/861	===============	0/0	100.00	100.00	430426	Klebsiella	DTU2019_938_PRJ1139_Klebsiella_pneumoniae_1D-946	DT32	v_62
/home/projects/cge/backup/fastq/cge_private/FOOD_seqdata/NextSeq/NextSeq_104/Assemblies/DTU2019-938-PRJ1139-Klebsiella-pneumoniae-1D-946_R1_001.fa	NODE_6_length_364273_cov_8.306311	14191	14610	+	fosA_3_ACWO01000079	1-420/420	===============	0/0	100.00	98.57	364273	Klebsiella	DTU2019_938_PRJ1139_Klebsiella_pneumoniae_1D-946	DT33	v_63
/home/projects/cge/backup/fastq/cge_private/FOOD_seqdata/NextSeq/NextSeq_104/Assemblies/DTU2019-938-PRJ1139-Klebsiella-pneumoniae-1D-946_R1_001.fa	NODE_9_length_232773_cov_8.366140	186286	189438	-	OqxB_1_EU370913	1-3153/3153	===============	0/0	100.00	98.98	232773	Klebsiella	DTU2019_938_PRJ1139_Klebsiella_pneumoniae_1D-946	DT34	v_64
/home/projects/cge/backup/fastq/cge_private/FOOD_seqdata/NextSeq/NextSeq_104/Assemblies/DTU2019-938-PRJ1139-Klebsiella-pneumoniae-1D-946_R1_001.fa	NODE_9_length_232773_cov_8.366140	189462	190637	-	OqxA_1_EU370913	1-1176/1176	===============	0/0	100.00	99.32	232773	Klebsiella	DTU2019_938_PRJ1139_Klebsiella_pneumoniae_1D-946	DT35	v_65
/home/projects/cge/backup/fastq/cge_private/FOOD_seqdata/NextSeq/NextSeq_115/Assemblies/DTU2019-2107-PRJ1139-Klebsiella-pneumoniae-1D-947_R1_001.fa	NODE_101_length_6680_cov_1.489937	1520	2002	+	dfrA14_5_DQ388123	1-483/483	===============	0/0	100.00	99.59	6680	Klebsiella	DTU2019_2107_PRJ1139_Klebsiella_pneumoniae_1D-947	DT36	v_66
/home/projects/cge/backup/fastq/cge_private/FOOD_seqdata/NextSeq/NextSeq_115/Assemblies/DTU2019-2107-PRJ1139-Klebsiella-pneumoniae-1D-947_R1_001.fa	NODE_11_length_108539_cov_1.898074	12216	13391	+	OqxA_1_EU370913	1-1176/1176	===============	0/0	100.00	99.23	108539	Klebsiella	DTU2019_2107_PRJ1139_Klebsiella_pneumoniae_1D-947	DT42	v_69
/home/projects/cge/backup/fastq/cge_private/FOOD_seqdata/NextSeq/NextSeq_115/Assemblies/DTU2019-2107-PRJ1139-Klebsiella-pneumoniae-1D-947_R1_001.fa	NODE_11_length_108539_cov_1.898074	13415	16567	+	OqxB_1_EU370913	1-3153/3153	===============	0/0	100.00	98.95	108539	Klebsiella	DTU2019_2107_PRJ1139_Klebsiella_pneumoniae_1D-947	DT43	v_70
/home/projects/cge/backup/fastq/cge_private/FOOD_seqdata/NextSeq/NextSeq_115/Assemblies/DTU2019-2107-PRJ1139-Klebsiella-pneumoniae-1D-947_R1_001.fa	NODE_24_length_76448_cov_1.600464	47606	48472	+	blaSHV-187_1_LN515533	1-867/867	===============	0/0	100.00	99.54	76448	Klebsiella	DTU2019_2107_PRJ1139_Klebsiella_pneumoniae_1D-947	DT44	v_71
/home/projects/cge/backup/fastq/cge_private/FOOD_seqdata/NextSeq/NextSeq_104/Assemblies/DTU2019-940-PRJ1139-Escherichia-coli-1D-948_R1_001.fa	NODE_35_length_4639_cov_12.723626	1989	2804	+	sul2_3_HQ840942	1-816/816	===============	0/0	100.00	100.00	4639	Escherichia	DTU2019_940_PRJ1139_Escherichia_coli_1D-948	DT45	v_68
/home/projects/cge/backup/fastq/cge_private/FOOD_seqdata/NextSeq/NextSeq_104/Assemblies/DTU2019-941-PRJ1139-Proteus-mirabilis-1D-949_R1_001.fa	NODE_4_length_290054_cov_13.405209	221562	222215	+	cat_1_M11587	1-654/654	========/======	2/2	99.85	98.63	290054	Proteus	DTU2019_941_PRJ1139_Proteus_mirabilis_1D-949	DT50	v_73
/home/projects/cge/backup/fastq/cge_private/FOOD_seqdata/NextSeq/NextSeq_104/Assemblies/DTU2019-941-PRJ1139-Proteus-mirabilis-1D-949_R1_001.fa	NODE_9_length_204921_cov_13.561447	166332	167528	+	tet(J)_1_ACLE01000065	1-1197/1197	===============	0/0	100.00	98.91	204921	Proteus	DTU2019_941_PRJ1139_Proteus_mirabilis_1D-949	DT51	v_74
/home/projects/cge/backup/fastq/cge_private/FOOD_seqdata/NextSeq/NextSeq_104/Assemblies/DTU2019-942-PRJ1139-Escherichia-coli-1D-950_R1_001.fa	NODE_5_length_209567_cov_8.337954	7785	9017	+	mdf(A)_1_Y08743	1-1233/1233	===============	0/0	100.00	99.92	209567	Escherichia	DTU2019_942_PRJ1139_Escherichia_coli_1D-950	DT52	v_75
/home/projects/cge/backup/fastq/cge_private/FOOD_seqdata/NextSeq/NextSeq_104/Assemblies/DTU2019-943-PRJ1139-Escherichia-coli-1D-951_R1_001.fa	NODE_13_length_83595_cov_9.803314	43026	43886	+	blaTEM-1B_1_AY458016	1-861/861	===============	0/0	100.00	100.00	83595	Escherichia	DTU2019_943_PRJ1139_Escherichia_coli_1D-951	DT53	v_23
/home/projects/cge/backup/fastq/cge_private/FOOD_seqdata/NextSeq/NextSeq_104/Assemblies/DTU2019-943-PRJ1139-Escherichia-coli-1D-951_R1_001.fa	NODE_13_length_83595_cov_9.803314	44117	44953	-	aph(6)-Id_1_M28829	1-837/837	===============	0/0	100.00	99.88	83595	Escherichia	DTU2019_943_PRJ1139_Escherichia_coli_1D-951	DT54	v_76
/home/projects/cge/backup/fastq/cge_private/FOOD_seqdata/NextSeq/NextSeq_104/Assemblies/DTU2019-943-PRJ1139-Escherichia-coli-1D-951_R1_001.fa	NODE_13_length_83595_cov_9.803314	44953	45756	-	aph(3'')-Ib_5_AF321551	1-804/804	===============	0/0	100.00	99.88	83595	Escherichia	DTU2019_943_PRJ1139_Escherichia_coli_1D-951	DT55	v_77
/home/projects/cge/backup/fastq/cge_private/FOOD_seqdata/NextSeq/NextSeq_104/Assemblies/DTU2019-943-PRJ1139-Escherichia-coli-1D-951_R1_001.fa	NODE_13_length_83595_cov_9.803314	45817	46632	-	sul2_2_AY034138	1-816/816	===============	0/0	100.00	100.00	83595	Escherichia	DTU2019_943_PRJ1139_Escherichia_coli_1D-951	DT56	v_27
/home/projects/cge/backup/fastq/cge_private/FOOD_seqdata/NextSeq/NextSeq_104/Assemblies/DTU2019-943-PRJ1139-Escherichia-coli-1D-951_R1_001.fa	NODE_13_length_83595_cov_9.803314	52514	52996	-	dfrA14_5_DQ388123	1-483/483	===============	0/0	100.00	99.59	83595	Escherichia	DTU2019_943_PRJ1139_Escherichia_coli_1D-951	DT57	v_66
/home/projects/cge/backup/fastq/cge_private/FOOD_seqdata/NextSeq/NextSeq_104/Assemblies/DTU2019-945-PRJ1139-Escherichia-coli-1D-953_R1_001.fa	NODE_34_length_11331_cov_51.745180	6411	7277	-	sul1_5_EU780013	1-867/867	===============	0/0	100.00	99.89	11331	Escherichia	DTU2019_945_PRJ1139_Escherichia_coli_1D-953	DT63	v_8
/home/projects/cge/backup/fastq/cge_private/FOOD_seqdata/NextSeq/NextSeq_104/Assemblies/DTU2019-945-PRJ1139-Escherichia-coli-1D-953_R1_001.fa	NODE_34_length_11331_cov_51.745180	7797	8585	-	aadA5_1_AF137361	1-789/789	===============	0/0	100.00	100.00	11331	Escherichia	DTU2019_945_PRJ1139_Escherichia_coli_1D-953	DT64	v_37
/home/projects/cge/backup/fastq/cge_private/FOOD_seqdata/NextSeq/NextSeq_104/Assemblies/DTU2019-945-PRJ1139-Escherichia-coli-1D-953_R1_001.fa	NODE_34_length_11331_cov_51.745180	8716	9189	-	dfrA17_1_FJ460238	1-474/474	===============	0/0	100.00	100.00	11331	Escherichia	DTU2019_945_PRJ1139_Escherichia_coli_1D-953	DT65	v_36
/home/projects/cge/backup/fastq/cge_private/FOOD_seqdata/NextSeq/NextSeq_104/Assemblies/DTU2019-946-PRJ1139-Escherichia-coli-1D-954_R1_001.fa	NODE_13_length_157144_cov_9.919009	67659	68891	-	mdf(A)_1_Y08743	1-1233/1233	===============	0/0	100.00	98.30	157144	Escherichia	DTU2019_946_PRJ1139_Escherichia_coli_1D-954	DT69	v_81
/home/projects/cge/backup/fastq/cge_private/FOOD_seqdata/NextSeq/NextSeq_104/Assemblies/DTU2019-947-PRJ1139-Escherichia-coli-1D-955_R1_001.fa	NODE_3_length_441374_cov_26.416617	231371	232603	+	mdf(A)_1_Y08743	1-1233/1233	===============	0/0	100.00	98.78	441374	Escherichia	DTU2019_947_PRJ1139_Escherichia_coli_1D-955	DT70	v_51
/home/projects/cge/backup/fastq/cge_private/FOOD_seqdata/NextSeq/NextSeq_104/Assemblies/DTU2019-948-PRJ1139-Escherichia-coli-1D-956_R1_001.fa	NODE_66_length_4707_cov_13.430568	1942	2808	+	sul1_5_EU780013	1-867/867	===============	0/0	100.00	99.89	4707	Escherichia	DTU2019_948_PRJ1139_Escherichia_coli_1D-956	DT72	v_8
/home/projects/cge/backup/fastq/cge_private/FOOD_seqdata/NextSeq/NextSeq_104/Assemblies/DTU2019-948-PRJ1139-Escherichia-coli-1D-956_R1_001.fa	NODE_67_length_4638_cov_16.778763	1989	2804	+	sul2_3_HQ840942	1-816/816	===============	0/0	100.00	100.00	4638	Escherichia	DTU2019_948_PRJ1139_Escherichia_coli_1D-956	DT73	v_68
/home/projects/cge/backup/fastq/cge_private/FOOD_seqdata/NextSeq/NextSeq_104/Assemblies/DTU2019-949-PRJ1139-Escherichia-coli-1D-957_R1_001.fa	NODE_15_length_113963_cov_9.228258	83236	84468	+	mdf(A)_1_Y08743	1-1233/1233	===============	0/0	100.00	98.86	113963	Escherichia	DTU2019_949_PRJ1139_Escherichia_coli_1D-957	DT78	v_83
/home/projects/cge/backup/fastq/cge_private/FOOD_seqdata/NextSeq/NextSeq_104/Assemblies/DTU2019-950-PRJ1139-Escherichia-coli-1D-958_R1_001.fa	NODE_3_length_366886_cov_5.526128	343237	344469	+	mdf(A)_1_Y08743	1-1233/1233	===============	0/0	100.00	98.14	366886	Escherichia	DTU2019_950_PRJ1139_Escherichia_coli_1D-958	DT81	v_84
/home/projects/cge/backup/fastq/cge_private/FOOD_seqdata/NextSeq/NextSeq_104/Assemblies/DTU2019-952-PRJ1139-Escherichia-coli-1D-960_R1_001.fa	NODE_1_length_669029_cov_8.567285	444943	446175	+	mdf(A)_1_Y08743	1-1233/1233	===============	0/0	100.00	98.14	669029	Escherichia	DTU2019_952_PRJ1139_Escherichia_coli_1D-960	DT85	v_84
/home/projects/cge/backup/fastq/cge_private/FOOD_seqdata/NextSeq/NextSeq_104/Assemblies/DTU2019-953-PRJ1139-Escherichia-coli-1D-961_R1_001.fa	NODE_18_length_75592_cov_17.938886	5335	6256	-	mph(A)_2_U36578	1-921/921	========/======	1/1	100.00	99.67	75592	Escherichia	DTU2019_953_PRJ1139_Escherichia_coli_1D-961	DT86	v_67
/home/projects/cge/backup/fastq/cge_private/FOOD_seqdata/NextSeq/NextSeq_104/Assemblies/DTU2019-953-PRJ1139-Escherichia-coli-1D-961_R1_001.fa	NODE_18_length_75592_cov_17.938886	72612	73448	-	aph(6)-Id_1_M28829	1-837/837	===============	0/0	100.00	100.00	75592	Escherichia	DTU2019_953_PRJ1139_Escherichia_coli_1D-961	DT87	v_34
/home/projects/cge/backup/fastq/cge_private/FOOD_seqdata/NextSeq/NextSeq_104/Assemblies/DTU2019-955-PRJ1139-Escherichia-coli-1D-963_R1_001.fa	NODE_54_length_7084_cov_7.715395	2715	3581	-	sul1_5_EU780013	1-867/867	===============	0/0	100.00	99.89	7084	Escherichia	DTU2019_955_PRJ1139_Escherichia_coli_1D-963	DT91	v_8
/home/projects/cge/backup/fastq/cge_private/FOOD_seqdata/NextSeq/NextSeq_104/Assemblies/DTU2019-955-PRJ1139-Escherichia-coli-1D-963_R1_001.fa	NODE_54_length_7084_cov_7.715395	4025	4598	-	dfrA7_5_AJ419170	1-570/570	========/======	3/4	100.00	98.78	7084	Escherichia	DTU2019_955_PRJ1139_Escherichia_coli_1D-963	DT92	v_86
/home/projects/cge/backup/fastq/cge_private/FOOD_seqdata/NextSeq/NextSeq_104/Assemblies/DTU2019-955-PRJ1139-Escherichia-coli-1D-963_R1_001.fa	NODE_60_length_4387_cov_6.869296	1864	2679	+	sul2_3_HQ840942	1-816/816	===============	0/0	100.00	100.00	4387	Escherichia	DTU2019_955_PRJ1139_Escherichia_coli_1D-963	DT93	v_68
/home/projects/cge/backup/fastq/cge_private/FOOD_seqdata/NextSeq/NextSeq_104/Assemblies/DTU2019-956-PRJ1139-Escherichia-coli-1D-964_R1_001.fa	NODE_2_length_468560_cov_10.054386	30056	31288	-	mdf(A)_1_Y08743	1-1233/1233	===============	0/0	100.00	98.14	468560	Escherichia	DTU2019_956_PRJ1139_Escherichia_coli_1D-964	DT96	v_84
/home/projects/cge/backup/fastq/cge_private/FOOD_seqdata/NextSeq/NextSeq_104/Assemblies/DTU2019-957-PRJ1139-Proteus-mirabilis-1D-965_R1_001.fa	NODE_4_length_198293_cov_9.823300	82772	83968	-	tet(J)_1_ACLE01000065	1-1197/1197	===============	0/0	100.00	99.17	198293	Proteus	DTU2019_957_PRJ1139_Proteus_mirabilis_1D-965	DT97	v_87
/home/projects/cge/backup/fastq/cge_private/FOOD_seqdata/NextSeq/NextSeq_104/Assemblies/DTU2019-958-PRJ1139-Klebsiella-pneumoniae-1D-966_R1_001.fa	NODE_12_length_193493_cov_6.197403	79929	80795	-	blaSHV-187_1_LN515533	1-867/867	===============	0/0	100.00	100.00	193493	Klebsiella	DTU2019_958_PRJ1139_Klebsiella_pneumoniae_1D-966	DT98	v_88
/home/projects/cge/backup/fastq/cge_private/FOOD_seqdata/NextSeq/NextSeq_104/Assemblies/DTU2019-958-PRJ1139-Klebsiella-pneumoniae-1D-966_R1_001.fa	NODE_3_length_393215_cov_7.286086	7258	8433	+	OqxA_1_EU370913	1-1176/1176	===============	0/0	100.00	99.92	393215	Klebsiella	DTU2019_958_PRJ1139_Klebsiella_pneumoniae_1D-966	DT99	v_89
/home/projects/cge/backup/fastq/cge_private/FOOD_seqdata/NextSeq/NextSeq_104/Assemblies/DTU2019-958-PRJ1139-Klebsiella-pneumoniae-1D-966_R1_001.fa	NODE_3_length_393215_cov_7.286086	8457	11609	+	OqxB_1_EU370913	1-3153/3153	===============	0/0	100.00	99.11	393215	Klebsiella	DTU2019_958_PRJ1139_Klebsiella_pneumoniae_1D-966	DT100	v_90
/home/projects/cge/backup/fastq/cge_private/FOOD_seqdata/NextSeq/NextSeq_104/Assemblies/DTU2019-958-PRJ1139-Klebsiella-pneumoniae-1D-966_R1_001.fa	NODE_6_length_363167_cov_7.540549	13991	14410	+	fosA_3_ACWO01000079	1-420/420	===============	0/0	100.00	98.81	363167	Klebsiella	DTU2019_958_PRJ1139_Klebsiella_pneumoniae_1D-966	DT101	v_91
/home/projects/cge/backup/fastq/cge_private/FOOD_seqdata/NextSeq/NextSeq_104/Assemblies/DTU2019-960-PRJ1139-Escherichia-coli-1D-968_R1_001.fa	NODE_5_length_449408_cov_7.299441	163631	164863	-	mdf(A)_1_Y08743	1-1233/1233	===============	0/0	100.00	98.14	449408	Escherichia	DTU2019_960_PRJ1139_Escherichia_coli_1D-968	DT102	v_92
/home/projects/cge/backup/fastq/cge_private/FOOD_seqdata/NextSeq/NextSeq_104/Assemblies/DTU2019-962-PRJ1139-Klebsiella-pneumoniae-1D-970_R1_001.fa	NODE_39_length_14066_cov_6.358562	5933	6589	-	qnrS1_1_AB187515	1-657/657	===============	0/0	100.00	100.00	14066	Klebsiella	DTU2019_962_PRJ1139_Klebsiella_pneumoniae_1D-970	DT103	v_93
/home/projects/cge/backup/fastq/cge_private/FOOD_seqdata/NextSeq/NextSeq_104/Assemblies/DTU2019-962-PRJ1139-Klebsiella-pneumoniae-1D-970_R1_001.fa	NODE_39_length_14066_cov_6.358562	11230	12105	-	blaCTX-M-15_1_AY044436	1-876/876	===============	0/0	100.00	100.00	14066	Klebsiella	DTU2019_962_PRJ1139_Klebsiella_pneumoniae_1D-970	DT104	v_58
/home/projects/cge/backup/fastq/cge_private/FOOD_seqdata/NextSeq/NextSeq_104/Assemblies/DTU2019-962-PRJ1139-Klebsiella-pneumoniae-1D-970_R1_001.fa	NODE_40_length_9543_cov_5.958581	2229	3065	+	aph(6)-Id_1_M28829	1-837/837	===============	0/0	100.00	100.00	9543	Klebsiella	DTU2019_962_PRJ1139_Klebsiella_pneumoniae_1D-970	DT107	v_34
/home/projects/cge/backup/fastq/cge_private/FOOD_seqdata/NextSeq/NextSeq_104/Assemblies/DTU2019-962-PRJ1139-Klebsiella-pneumoniae-1D-970_R1_001.fa	NODE_5_length_293899_cov_5.300086	65789	66964	+	OqxA_1_EU370913	1-1176/1176	===============	0/0	100.00	99.23	293899	Klebsiella	DTU2019_962_PRJ1139_Klebsiella_pneumoniae_1D-970	DT110	v_54
/home/projects/cge/backup/fastq/cge_private/FOOD_seqdata/NextSeq/NextSeq_104/Assemblies/DTU2019-962-PRJ1139-Klebsiella-pneumoniae-1D-970_R1_001.fa	NODE_5_length_293899_cov_5.300086	66988	70140	+	OqxB_1_EU370913	1-3153/3153	===============	0/0	100.00	98.95	293899	Klebsiella	DTU2019_962_PRJ1139_Klebsiella_pneumoniae_1D-970	DT111	v_55
/home/projects/cge/backup/fastq/cge_private/FOOD_seqdata/NextSeq/NextSeq_104/Assemblies/DTU2019-962-PRJ1139-Klebsiella-pneumoniae-1D-970_R1_001.fa	NODE_8_length_278196_cov_4.448223	66005	66865	-	blaSHV-33_1_AY037779	1-861/861	===============	0/0	100.00	100.00	278196	Klebsiella	DTU2019_962_PRJ1139_Klebsiella_pneumoniae_1D-970	DT112	v_53
/home/projects/cge/backup/fastq/cge_private/FOOD_seqdata/NextSeq/NextSeq_104/Assemblies/DTU2019-966-PRJ1139-Escherichia-coli-1D-974_R1_001.fa	NODE_14_length_163469_cov_6.574414	16070	17302	-	mdf(A)_1_Y08743	1-1233/1233	===============	0/0	100.00	98.05	163469	Escherichia	DTU2019_966_PRJ1139_Escherichia_coli_1D-974	DT114	v_94
/home/projects/cge/backup/fastq/cge_private/FOOD_seqdata/NextSeq/NextSeq_104/Assemblies/DTU2019-966-PRJ1139-Escherichia-coli-1D-974_R1_001.fa	NODE_23_length_69549_cov_28.897871	21054	21914	+	blaTEM-1B_1_AY458016	1-861/861	===============	0/0	100.00	100.00	69549	Escherichia	DTU2019_966_PRJ1139_Escherichia_coli_1D-974	DT115	v_23
/home/projects/cge/backup/fastq/cge_private/FOOD_seqdata/NextSeq/NextSeq_104/Assemblies/DTU2019-966-PRJ1139-Escherichia-coli-1D-974_R1_001.fa	NODE_35_length_13172_cov_27.550786	1542	2357	+	sul2_2_AY034138	1-816/816	===============	0/0	100.00	100.00	13172	Escherichia	DTU2019_966_PRJ1139_Escherichia_coli_1D-974	DT116	v_27
/home/projects/cge/backup/fastq/cge_private/FOOD_seqdata/NextSeq/NextSeq_104/Assemblies/DTU2019-966-PRJ1139-Escherichia-coli-1D-974_R1_001.fa	NODE_35_length_13172_cov_27.550786	2418	3221	+	aph(3'')-Ib_5_AF321551	1-804/804	===============	0/0	100.00	100.00	13172	Escherichia	DTU2019_966_PRJ1139_Escherichia_coli_1D-974	DT117	v_28
/home/projects/cge/backup/fastq/cge_private/FOOD_seqdata/NextSeq/NextSeq_104/Assemblies/DTU2019-966-PRJ1139-Escherichia-coli-1D-974_R1_001.fa	NODE_35_length_13172_cov_27.550786	3221	4057	+	aph(6)-Id_1_M28829	1-837/837	===============	0/0	100.00	99.88	13172	Escherichia	DTU2019_966_PRJ1139_Escherichia_coli_1D-974	DT118	v_76
/home/projects/cge/backup/fastq/cge_private/FOOD_seqdata/NextSeq/NextSeq_104/Assemblies/DTU2019-968-PRJ1139-Klebsiella-oxytoca-1D-976_R1_001.fa	NODE_22_length_65610_cov_10.532596	2664	3521	+	blaLAP-2_1_EU159120	1-858/858	===============	0/0	100.00	100.00	65610	Klebsiella	DTU2019_968_PRJ1139_Klebsiella_oxytoca_1D-976	DT119	v_95
/home/projects/cge/backup/fastq/cge_private/FOOD_seqdata/NextSeq/NextSeq_104/Assemblies/DTU2019-968-PRJ1139-Klebsiella-oxytoca-1D-976_R1_001.fa	NODE_22_length_65610_cov_10.532596	5118	5774	+	qnrS1_1_AB187515	1-657/657	===============	0/0	100.00	100.00	65610	Klebsiella	DTU2019_968_PRJ1139_Klebsiella_oxytoca_1D-976	DT120	v_93
/home/projects/cge/backup/fastq/cge_private/FOOD_seqdata/NextSeq/NextSeq_104/Assemblies/DTU2019-968-PRJ1139-Klebsiella-oxytoca-1D-976_R1_001.fa	NODE_32_length_6068_cov_11.226393	2079	3338	+	cmlA1_1_M64556	1-1260/1260	===============	0/0	100.00	99.68	6068	Klebsiella	DTU2019_968_PRJ1139_Klebsiella_oxytoca_1D-976	DT122	v_97
/home/projects/cge/backup/fastq/cge_private/FOOD_seqdata/NextSeq/NextSeq_104/Assemblies/DTU2019-968-PRJ1139-Klebsiella-oxytoca-1D-976_R1_001.fa	NODE_32_length_6068_cov_11.226393	3603	4403	+	blaOXA-10_1_J03427	1-801/801	===============	0/0	100.00	100.00	6068	Klebsiella	DTU2019_968_PRJ1139_Klebsiella_oxytoca_1D-976	DT123	v_98
/home/projects/cge/backup/fastq/cge_private/FOOD_seqdata/NextSeq/NextSeq_104/Assemblies/DTU2019-968-PRJ1139-Klebsiella-oxytoca-1D-976_R1_001.fa	NODE_3_length_438982_cov_10.132178	415928	416743	-	aph(3')-Ia_1_V00359	1-816/816	===============	0/0	100.00	99.88	438982	Klebsiella	DTU2019_968_PRJ1139_Klebsiella_oxytoca_1D-976	DT125	v_99
/home/projects/cge/backup/fastq/cge_private/FOOD_seqdata/NextSeq/NextSeq_104/Assemblies/DTU2019-968-PRJ1139-Klebsiella-oxytoca-1D-976_R1_001.fa	NODE_4_length_429491_cov_10.805182	352470	353345	-	blaOXY-1-3_3_AY077482	1-876/876	===============	0/0	100.00	99.89	429491	Klebsiella	DTU2019_968_PRJ1139_Klebsiella_oxytoca_1D-976	DT126	v_100
/home/projects/cge/backup/fastq/cge_private/FOOD_seqdata/NextSeq/NextSeq_104/Assemblies/DTU2019-970-PRJ1139-Klebsiella-pneumoniae-1D-978_R1_001.fa	NODE_11_length_267325_cov_15.370482	252717	253136	-	fosA_3_ACWO01000079	1-420/420	===============	0/0	100.00	98.81	267325	Klebsiella	DTU2019_970_PRJ1139_Klebsiella_pneumoniae_1D-978	DT127	v_91
/home/projects/cge/backup/fastq/cge_private/FOOD_seqdata/NextSeq/NextSeq_104/Assemblies/DTU2019-970-PRJ1139-Klebsiella-pneumoniae-1D-978_R1_001.fa	NODE_21_length_7475_cov_13.071176	3805	4278	+	dfrA17_1_FJ460238	1-474/474	===============	0/0	100.00	100.00	7475	Klebsiella	DTU2019_970_PRJ1139_Klebsiella_pneumoniae_1D-978	DT128	v_36
/home/projects/cge/backup/fastq/cge_private/FOOD_seqdata/NextSeq/NextSeq_104/Assemblies/DTU2019-970-PRJ1139-Klebsiella-pneumoniae-1D-978_R1_001.fa	NODE_21_length_7475_cov_13.071176	4409	5197	+	aadA5_1_AF137361	1-789/789	===============	0/0	100.00	100.00	7475	Klebsiella	DTU2019_970_PRJ1139_Klebsiella_pneumoniae_1D-978	DT129	v_37
/home/projects/cge/backup/fastq/cge_private/FOOD_seqdata/NextSeq/NextSeq_104/Assemblies/DTU2019-970-PRJ1139-Klebsiella-pneumoniae-1D-978_R1_001.fa	NODE_4_length_437033_cov_14.676800	381606	384758	-	OqxB_1_EU370913	1-3153/3153	===============	0/0	100.00	99.11	437033	Klebsiella	DTU2019_970_PRJ1139_Klebsiella_pneumoniae_1D-978	DT131	v_90
/home/projects/cge/backup/fastq/cge_private/FOOD_seqdata/NextSeq/NextSeq_104/Assemblies/DTU2019-970-PRJ1139-Klebsiella-pneumoniae-1D-978_R1_001.fa	NODE_4_length_437033_cov_14.676800	384782	385957	-	OqxA_1_EU370913	1-1176/1176	===============	0/0	100.00	99.92	437033	Klebsiella	DTU2019_970_PRJ1139_Klebsiella_pneumoniae_1D-978	DT132	v_89
/home/projects/cge/backup/fastq/cge_private/FOOD_seqdata/NextSeq/NextSeq_104/Assemblies/DTU2019-970-PRJ1139-Klebsiella-pneumoniae-1D-978_R1_001.fa	NODE_6_length_352403_cov_13.535327	58981	59841	+	blaSHV-179_1_KF705208	1-861/861	===============	0/0	100.00	99.88	352403	Klebsiella	DTU2019_970_PRJ1139_Klebsiella_pneumoniae_1D-978	DT133	v_101
/home/projects/cge/backup/fastq/cge_private/FOOD_seqdata/NextSeq/NextSeq_104/Assemblies/DTU2019-971-PRJ1139-Klebsiella-pneumoniae-1D-979_R1_001.fa	NODE_7_length_249547_cov_9.003075	37775	38950	+	OqxA_1_EU370913	1-1176/1176	===============	0/0	100.00	99.15	249547	Klebsiella	DTU2019_971_PRJ1139_Klebsiella_pneumoniae_1D-979	DT134	v_102
/home/projects/cge/backup/fastq/cge_private/FOOD_seqdata/NextSeq/NextSeq_104/Assemblies/DTU2019-971-PRJ1139-Klebsiella-pneumoniae-1D-979_R1_001.fa	NODE_7_length_249547_cov_9.003075	38974	42126	+	OqxB_1_EU370913	1-3153/3153	===============	0/0	100.00	98.86	249547	Klebsiella	DTU2019_971_PRJ1139_Klebsiella_pneumoniae_1D-979	DT135	v_103
/home/projects/cge/backup/fastq/cge_private/FOOD_seqdata/NextSeq/NextSeq_104/Assemblies/DTU2019-971-PRJ1139-Klebsiella-pneumoniae-1D-979_R1_001.fa	NODE_9_length_201068_cov_6.275842	81015	81875	-	blaSHV-28_1_AF299299	1-861/861	===============	0/0	100.00	99.88	201068	Klebsiella	DTU2019_971_PRJ1139_Klebsiella_pneumoniae_1D-979	DT136	v_104
/home/projects/cge/backup/fastq/cge_private/FOOD_seqdata/NextSeq/NextSeq_104/Assemblies/DTU2019-972-PRJ1139-Escherichia-coli-1D-980_R1_001.fa	NODE_1_length_215134_cov_8.842782	64881	66113	-	mdf(A)_1_Y08743	1-1233/1233	===============	0/0	100.00	99.92	215134	Escherichia	DTU2019_972_PRJ1139_Escherichia_coli_1D-980	DT137	v_75
/home/projects/cge/backup/fastq/cge_private/FOOD_seqdata/NextSeq/NextSeq_104/Assemblies/DTU2019-973-PRJ1139-Escherichia-coli-1D-981_R1_001.fa	NODE_6_length_206941_cov_10.730313	26305	27537	+	mdf(A)_1_Y08743	1-1233/1233	===============	0/0	100.00	98.78	206941	Escherichia	DTU2019_973_PRJ1139_Escherichia_coli_1D-981	DT138	v_105
/home/projects/cge/backup/fastq/cge_private/FOOD_seqdata/NextSeq/NextSeq_104/Assemblies/DTU2019-974-PRJ1139-Escherichia-coli-1D-982_R1_001.fa	NODE_1_length_675588_cov_6.799726	229476	230708	-	mdf(A)_1_Y08743	1-1233/1233	===============	0/0	100.00	98.05	675588	Escherichia	DTU2019_974_PRJ1139_Escherichia_coli_1D-982	DT139	v_106
/home/projects/cge/backup/fastq/cge_private/FOOD_seqdata/NextSeq/NextSeq_104/Assemblies/DTU2019-979-PRJ1139-Klebsiella-pneumoniae-1D-987_R1_001.fa	NODE_7_length_240625_cov_7.320157	32692	33552	-	blaLEN24_1_AM850914	1-861/861	===============	0/0	100.00	99.53	240625	Klebsiella	DTU2019_979_PRJ1139_Klebsiella_pneumoniae_1D-987	DT141	v_108
/home/projects/cge/backup/fastq/cge_private/FOOD_seqdata/NextSeq/NextSeq_104/Assemblies/DTU2019-980-PRJ1139-Klebsiella-oxytoca-1D-988_R1_001.fa	NODE_3_length_474899_cov_12.785617	375790	376665	-	blaOXY-1-7_7_M27459	1-876/876	===============	0/0	100.00	100.00	474899	Klebsiella	DTU2019_980_PRJ1139_Klebsiella_oxytoca_1D-988	DT142	v_109
/home/projects/cge/backup/fastq/cge_private/FOOD_seqdata/NextSeq/NextSeq_104/Assemblies/DTU2019-981-PRJ1139-Proteus-mirabilis-1D-989_R1_001.fa	NODE_10_length_174229_cov_9.366366	38139	39335	-	tet(J)_1_ACLE01000065	1-1197/1197	===============	0/0	100.00	99.08	174229	Proteus	DTU2019_981_PRJ1139_Proteus_mirabilis_1D-989	DT143	v_14
/home/projects/cge/backup/fastq/cge_private/FOOD_seqdata/NextSeq/NextSeq_104/Assemblies/DTU2019-981-PRJ1139-Proteus-mirabilis-1D-989_R1_001.fa	NODE_15_length_118586_cov_9.504732	89280	89933	-	cat_1_M11587	1-654/654	========/======	2/2	99.85	98.17	118586	Proteus	DTU2019_981_PRJ1139_Proteus_mirabilis_1D-989	DT144	v_12
/home/projects/cge/backup/fastq/cge_private/FOOD_seqdata/NextSeq/NextSeq_104/Assemblies/DTU2019-981-PRJ1139-Proteus-mirabilis-1D-989_R1_001.fa	NODE_6_length_188622_cov_9.111823	154014	154487	+	dfrA1_8_X00926	1-474/474	===============	0/0	100.00	100.00	188622	Proteus	DTU2019_981_PRJ1139_Proteus_mirabilis_1D-989	DT145	v_13
/home/projects/cge/backup/fastq/cge_private/FOOD_seqdata/NextSeq/NextSeq_104/Assemblies/DTU2019-982-PRJ1139-Escherichia-coli-1D-990_R1_001.fa	NODE_30_length_55994_cov_6.116043	26257	27489	+	mdf(A)_1_Y08743	1-1233/1233	===============	0/0	100.00	98.46	55994	Escherichia	DTU2019_982_PRJ1139_Escherichia_coli_1D-990	DT147	v_110
/home/projects/cge/backup/fastq/cge_private/FOOD_seqdata/NextSeq/NextSeq_104/Assemblies/DTU2019-982-PRJ1139-Escherichia-coli-1D-990_R1_001.fa	NODE_80_length_4639_cov_4.355940	1990	2805	+	sul2_3_HQ840942	1-816/816	===============	0/0	100.00	100.00	4639	Escherichia	DTU2019_982_PRJ1139_Escherichia_coli_1D-990	DT150	v_68
/home/projects/cge/backup/fastq/cge_private/FOOD_seqdata/NextSeq/NextSeq_104/Assemblies/DTU2019-984-PRJ1139-Escherichia-coli-1D-992_R1_001.fa	NODE_1_length_906174_cov_5.518822	325860	327092	-	mdf(A)_1_Y08743	1-1233/1233	===============	0/0	100.00	98.14	906174	Escherichia	DTU2019_984_PRJ1139_Escherichia_coli_1D-992	DT154	v_84
/home/projects/cge/backup/fastq/cge_private/FOOD_seqdata/NextSeq/NextSeq_104/Assemblies/DTU2019-984-PRJ1139-Escherichia-coli-1D-992_R1_001.fa	NODE_20_length_51256_cov_5.184318	46538	47505	+	ant(3'')-Ia_1_X02340	1-972/972	========/======	2/4	99.59	99.59	51256	Escherichia	DTU2019_984_PRJ1139_Escherichia_coli_1D-992	DT155	v_112
/home/projects/cge/backup/fastq/cge_private/FOOD_seqdata/NextSeq/NextSeq_104/Assemblies/DTU2019-984-PRJ1139-Escherichia-coli-1D-992_R1_001.fa	NODE_20_length_51256_cov_5.184318	47983	48849	+	sul1_5_EU780013	1-867/867	===============	0/0	100.00	99.89	51256	Escherichia	DTU2019_984_PRJ1139_Escherichia_coli_1D-992	DT156	v_8
/home/projects/cge/backup/fastq/cge_private/FOOD_seqdata/NextSeq/NextSeq_124/Assemblies/DTU2019-2461-PRJ1139-Escherichia-coli-1D-994_R1_001.fa	NODE_146_length_4639_cov_2.713652	1989	2804	+	sul2_3_HQ840942	1-816/816	===============	0/0	100.00	100.00	4639	Escherichia	DTU2019_2461_PRJ1139_Escherichia_coli_1D-994	DT158	v_68
/home/projects/cge/backup/fastq/cge_private/FOOD_seqdata/NextSeq/NextSeq_104/Assemblies/DTU2019-987-PRJ1139-Klebsiella-pneumoniae-1D-995_R1_001.fa	NODE_11_length_139065_cov_11.971548	46673	47532	-	blaOKP-B-15_1_AM850917	1-860/861	===============	0/0	99.88	99.30	139065	Klebsiella	DTU2019_987_PRJ1139_Klebsiella_pneumoniae_1D-995	DT162	v_113
/home/projects/cge/backup/fastq/cge_private/FOOD_seqdata/NextSeq/NextSeq_104/Assemblies/DTU2019-988-PRJ1139-Klebsiella-oxytoca-1D-996_R1_001.fa	NODE_10_length_227004_cov_13.283951	43024	43899	+	blaOXY-6-4_4_AJ871877	1-876/876	===============	0/0	100.00	100.00	227004	Klebsiella	DTU2019_988_PRJ1139_Klebsiella_oxytoca_1D-996	DT164	v_115
/home/projects/cge/backup/fastq/cge_private/FOOD_seqdata/NextSeq/NextSeq_104/Assemblies/DTU2019-989-PRJ1139-Citrobacter-freundii-1D-997_R1_001.fa	NODE_3_length_422234_cov_12.017406	17327	18472	-	blaCMY-48_1_HM569226	1-1146/1146	===============	0/0	100.00	100.00	422234	Citrobacter	DTU2019_989_PRJ1139_Citrobacter_freundii_1D-997	DT165	v_116
/home/projects/cge/backup/fastq/cge_private/FOOD_seqdata/NextSeq/NextSeq_104/Assemblies/DTU2019-989-PRJ1139-Citrobacter-freundii-1D-997_R1_001.fa	NODE_7_length_294974_cov_12.120747	2867	3340	-	dfrA1_8_X00926	1-474/474	===============	0/0	100.00	100.00	294974	Citrobacter	DTU2019_989_PRJ1139_Citrobacter_freundii_1D-997	DT167	v_13
/home/projects/cge/backup/fastq/cge_private/FOOD_seqdata/NextSeq/NextSeq_104/Assemblies/DTU2019-990-PRJ1139-Klebsiella-pneumoniae-1D-998_R1_001.fa	NODE_1_length_624615_cov_6.347329	31784	32644	+	blaLEN16_1_AY743416	1-861/861	===============	0/0	100.00	99.88	624615	Klebsiella	DTU2019_990_PRJ1139_Klebsiella_pneumoniae_1D-998	DT168	v_117
/home/projects/cge/backup/fastq/cge_private/FOOD_seqdata/NextSeq/NextSeq_104/Assemblies/DTU2019-993-PRJ1139-Escherichia-coli-1D-1001_R1_001.fa	NODE_26_length_68209_cov_5.067419	43025	43885	+	blaTEM-1B_1_AY458016	1-861/861	===============	0/0	100.00	100.00	68209	Escherichia	DTU2019_993_PRJ1139_Escherichia_coli_1D-1001	DT169	v_23
/home/projects/cge/backup/fastq/cge_private/FOOD_seqdata/NextSeq/NextSeq_104/Assemblies/DTU2019-993-PRJ1139-Escherichia-coli-1D-1001_R1_001.fa	NODE_26_length_68209_cov_5.067419	44116	44952	-	aph(6)-Id_1_M28829	1-837/837	===============	0/0	100.00	99.88	68209	Escherichia	DTU2019_993_PRJ1139_Escherichia_coli_1D-1001	DT170	v_76
/home/projects/cge/backup/fastq/cge_private/FOOD_seqdata/NextSeq/NextSeq_104/Assemblies/DTU2019-993-PRJ1139-Escherichia-coli-1D-1001_R1_001.fa	NODE_26_length_68209_cov_5.067419	44952	45755	-	aph(3'')-Ib_5_AF321551	1-804/804	===============	0/0	100.00	99.88	68209	Escherichia	DTU2019_993_PRJ1139_Escherichia_coli_1D-1001	DT171	v_77
/home/projects/cge/backup/fastq/cge_private/FOOD_seqdata/NextSeq/NextSeq_104/Assemblies/DTU2019-993-PRJ1139-Escherichia-coli-1D-1001_R1_001.fa	NODE_26_length_68209_cov_5.067419	45816	46631	-	sul2_2_AY034138	1-816/816	===============	0/0	100.00	100.00	68209	Escherichia	DTU2019_993_PRJ1139_Escherichia_coli_1D-1001	DT172	v_27
/home/projects/cge/backup/fastq/cge_private/FOOD_seqdata/NextSeq/NextSeq_104/Assemblies/DTU2019-993-PRJ1139-Escherichia-coli-1D-1001_R1_001.fa	NODE_26_length_68209_cov_5.067419	52513	52995	-	dfrA14_5_DQ388123	1-483/483	===============	0/0	100.00	99.59	68209	Escherichia	DTU2019_993_PRJ1139_Escherichia_coli_1D-1001	DT173	v_66
/home/projects/cge/backup/fastq/cge_private/FOOD_seqdata/NextSeq/NextSeq_104/Assemblies/DTU2019-993-PRJ1139-Escherichia-coli-1D-1001_R1_001.fa	NODE_28_length_57718_cov_4.687347	26256	27488	+	mdf(A)_1_Y08743	1-1233/1233	===============	0/0	100.00	98.46	57718	Escherichia	DTU2019_993_PRJ1139_Escherichia_coli_1D-1001	DT174	v_110
/home/projects/cge/backup/fastq/cge_private/FOOD_seqdata/NextSeq/NextSeq_104/Assemblies/DTU2019-994-PRJ1139-Escherichia-coli-1D-1002_R1_001.fa	NODE_24_length_58406_cov_3.432111	44868	45704	-	aph(6)-Id_1_M28829	1-837/837	===============	0/0	100.00	99.88	58406	Escherichia	DTU2019_994_PRJ1139_Escherichia_coli_1D-1002	DT176	v_76
/home/projects/cge/backup/fastq/cge_private/FOOD_seqdata/NextSeq/NextSeq_104/Assemblies/DTU2019-994-PRJ1139-Escherichia-coli-1D-1002_R1_001.fa	NODE_24_length_58406_cov_3.432111	45704	46507	-	aph(3'')-Ib_5_AF321551	1-804/804	===============	0/0	100.00	99.88	58406	Escherichia	DTU2019_994_PRJ1139_Escherichia_coli_1D-1002	DT177	v_118
/home/projects/cge/backup/fastq/cge_private/FOOD_seqdata/NextSeq/NextSeq_104/Assemblies/DTU2019-994-PRJ1139-Escherichia-coli-1D-1002_R1_001.fa	NODE_24_length_58406_cov_3.432111	46568	47383	-	sul2_2_AY034138	1-816/816	===============	0/0	100.00	100.00	58406	Escherichia	DTU2019_994_PRJ1139_Escherichia_coli_1D-1002	DT178	v_27
/home/projects/cge/backup/fastq/cge_private/FOOD_seqdata/NextSeq/NextSeq_104/Assemblies/DTU2019-994-PRJ1139-Escherichia-coli-1D-1002_R1_001.fa	NODE_24_length_58406_cov_3.432111	48886	49746	-	blaTEM-1B_1_AY458016	1-861/861	===============	0/0	100.00	100.00	58406	Escherichia	DTU2019_994_PRJ1139_Escherichia_coli_1D-1002	DT179	v_23
/home/projects/cge/backup/fastq/cge_private/FOOD_seqdata/NextSeq/NextSeq_104/Assemblies/DTU2019-997-PRJ1139-Escherichia-coli-1D-1005_R1_001.fa	NODE_43_length_4640_cov_4.926878	1990	2805	+	sul2_3_HQ840942	1-816/816	===============	0/0	100.00	100.00	4640	Escherichia	DTU2019_997_PRJ1139_Escherichia_coli_1D-1005	DT180	v_68
/home/projects/cge/backup/fastq/cge_private/FOOD_seqdata/NextSeq/NextSeq_104/Assemblies/DTU2019-998-PRJ1139-Escherichia-coli-1D-1006_R1_001.fa	NODE_3_length_262116_cov_7.047315	165254	166486	-	mdf(A)_1_Y08743	1-1233/1233	===============	0/0	100.00	99.92	262116	Escherichia	DTU2019_998_PRJ1139_Escherichia_coli_1D-1006	DT185	v_75
